actor/train/kl,_step,rewards/train/score/mean,completions/train/mean_length
,0,0.25,174.5
-0.007875644601881504,1,-0.5,236.0
0.005920309107750654,2,0.25,655.5
0.0005569327040575445,3,-0.5,102.0
-0.0007705875905230641,4,-0.5,87.5
0.011435024440288544,5,-2.5,768.0
0.0010646097362041473,6,-0.5,244.5
0.0011691267136484385,7,-1.5,500.0
0.0033734075259417295,8,-1.5,497.0
-0.0014779437333345413,9,-0.5,173.5
0.001955235842615366,10,-2.5,768.0
-0.00038133811904117465,11,0.75,278.0
0.007963661104440689,12,3.75,480.5
-0.0006147478125058115,13,0.25,87.5
0.0013436890440061688,14,-1.5,443.5
-0.0031712306663393974,15,-0.5,142.0
-0.00525264348834753,16,-0.5,175.0
-0.004531784448772669,17,-1.0,537.0
0.0025984090752899647,18,-0.75,460.5
-0.0031593397725373507,19,0.25,134.0
0.005304080434143543,20,-0.75,472.0
-0.004177236929535866,21,-1.5,517.0
0.0016046040691435337,22,1.0,150.5
0.0026581850834190845,23,0.25,274.0
0.0015844568843021989,24,-0.5,83.0
-0.020320111885666847,25,-0.75,82.0
-0.0005755540914833546,26,-0.5,135.0
-0.004325598478317261,27,-1.5,128.5
0.0016554971225559711,28,-2.5,731.5
0.002112351590767503,29,0.25,366.0
0.002465308178216219,30,-2.5,222.0
0.000543310830835253,31,-1.5,156.5
-0.007786004804074764,32,0.25,187.5
0.0076711527071893215,33,-0.5,174.0
-0.00631644856184721,34,-1.5,768.0
0.006469985004514456,35,1.0,101.5
0.006691260728985071,36,-2.0,421.0
0.0012466991320252419,37,-0.25,142.5
-0.003817086573690176,38,-0.5,175.0
-0.007908543571829796,39,-0.25,131.5
0.00588530208915472,40,0.25,239.5
-0.0012497632997110486,41,-0.5,99.5
0.007035566959530115,42,-1.0,124.5
0.0022912847343832254,43,-1.5,464.0
-0.00525809358805418,44,-1.0,184.5
-0.0025102465879172087,45,-1.5,454.5
-0.00034172594314441085,46,-0.5,176.5
0.0006577867898158729,47,-0.5,280.5
-0.001698662294074893,48,-0.5,226.5
-0.010547928512096405,49,1.0,207.0
-0.0026395677123218775,50,-1.5,504.0
-0.0019424303900450468,51,0.75,201.5
-0.003987172618508339,52,-1.5,492.0
-0.00047666660975664854,53,-0.5,147.0
0.0013844432542100549,54,-0.5,189.5
-0.004684563726186752,55,-1.5,491.0
-0.0013251393102109432,56,3.5,151.0
-0.006345698144286871,57,-0.5,301.0
-0.0011495546204969287,58,-1.5,105.0
0.016637912020087242,59,-1.0,151.0
0.012717487290501595,60,0.5,87.5
0.010160000063478947,61,-1.0,130.5
-0.0010779735166579485,62,-2.5,768.0
-0.0002466378209646791,63,1.0,119.5
0.011348939500749111,64,-0.75,449.0
0.00038591312477365136,65,-0.5,308.5
0.0030201768968254328,66,-0.5,225.0
-0.00011941273987758905,67,-0.5,76.0
-0.0018766553839668632,68,-0.5,266.0
-0.0023863441310822964,69,-1.5,427.5
-0.0022049930412322283,70,-0.5,202.0
0.007200482301414013,71,-0.5,141.5
0.0047831786796450615,72,1.0,304.0
0.002223165472969413,73,-1.5,496.0
-0.0009517190046608448,74,0.5,125.5
0.010602897964417934,75,0.25,183.0
0.007633230648934841,76,-0.5,123.0
0.02254963107407093,77,-0.5,75.0
0.009449259378015995,78,-0.5,99.0
0.007223822642117739,79,1.0,98.5
-0.0014413843164220452,80,-0.5,119.5
-0.008797960355877876,81,-0.5,107.5
-0.0009467900963500142,82,-0.25,101.5
-0.0014226941857486963,83,-1.5,514.5
0.004211479797959328,84,-0.5,152.0
0.0007840332109481096,85,-0.5,126.5
0.03512534126639366,86,-1.0,230.0
-0.0016676157247275114,87,-0.5,197.0
0.021049875766038895,88,-1.5,565.5
-7.318585994653404e-05,89,-0.5,248.0
0.0027151918038725853,90,-0.25,84.0
0.01197939831763506,91,-0.5,176.5
0.003918456379324198,92,1.0,219.5
0.0038495163898915052,93,0.25,221.5
0.004942323546856642,94,-1.5,768.0
0.00011420374357840046,95,-1.5,504.5
-0.006482738070189953,96,-1.5,503.5
-0.001921239891089499,97,-1.5,88.0
-0.0014104410074651241,98,-1.5,566.5
0.0019692862406373024,99,2.75,178.5
0.005133525002747774,100,-0.5,180.5
-0.0002608101349323988,101,0.25,188.0
-0.005299963988363743,102,0.25,120.0
0.0028388898354023695,103,1.0,106.5
-0.0005755805177614093,104,-1.5,463.5
-0.0013321954756975174,105,-2.5,768.0
-0.002477834699675441,106,-1.5,364.5
-0.0032058055512607098,107,2.25,152.5
0.0016608253354206681,108,2.0,319.5
-0.002904963679611683,109,0.0,472.0
0.006322527304291725,110,-0.5,297.5
0.006171506829559803,111,0.75,150.0
0.002963021630421281,112,-0.5,202.5
0.003294631838798523,113,0.25,262.5
0.004827721044421196,114,-2.5,768.0
0.0001845906226662919,115,-1.0,167.0
-9.33515839278698e-05,116,0.25,148.0
-0.009455475024878979,117,-0.5,211.0
-0.0058997999876737595,118,-0.5,224.0
0.001938577275723219,119,-1.0,542.5
-0.0021511921659111977,120,-1.0,89.0
-0.0006191382417455316,121,-2.5,768.0
0.0013758502900600433,122,-0.5,180.5
0.004825465381145477,123,-1.5,114.0
0.006971342489123344,124,-0.5,161.5
-0.0031868962105363607,125,2.25,253.0
0.023646660149097443,126,-0.5,167.5
-0.0023953451309353113,127,0.25,279.0
0.01543592382222414,128,-0.5,161.5
0.013875702396035194,129,4.75,114.5
0.025444597005844116,130,0.5,283.0
0.0018537339055910707,131,-1.0,161.0
0.0006647406262345612,132,-0.5,124.0
-0.0020793715957552195,133,3.5,105.5
-0.010692090727388859,134,0.25,225.0
0.0038551585748791695,135,-0.5,284.0
0.0029791174456477165,136,9.0,187.5
-0.0027666320092976093,137,0.75,184.5
-0.006654532626271248,138,0.25,277.0
0.018257027491927147,139,-1.0,165.5
0.013134527020156384,140,0.25,133.5
0.0075586154125630856,141,-1.5,554.5
0.001870866515673697,142,1.0,547.0
0.00781074445694685,143,-0.5,218.5
-0.002861904678866267,144,0.0,77.0
0.013719622045755386,145,2.0,546.0
0.007621978875249624,146,0.25,146.5
-0.0033626232761889696,147,-1.0,178.5
0.033640213310718536,148,-0.5,257.0
0.003762438427656889,149,-0.5,165.0
0.0013224458089098334,150,-1.0,201.5
0.001877891249023378,151,2.75,488.5
0.010998092591762543,152,1.0,132.0
0.02069900371134281,153,2.0,561.5
0.004193183034658432,154,-1.0,233.0
0.0009775120997801423,155,4.75,215.5
0.018321041017770767,156,-0.5,92.0
0.01229398138821125,157,-0.5,157.0
-0.0038507424760609865,158,1.0,169.0
0.01775834709405899,159,-0.5,341.5
0.017660794779658318,160,5.75,194.5
0.008608604781329632,161,3.5,101.5
0.14950628578662872,162,4.5,109.5
0.0585450753569603,163,10.0,85.5
0.059205975383520126,164,4.25,221.0
0.04519360512495041,165,4.5,171.0
0.03453543782234192,166,3.5,74.5
0.010176204144954681,167,-1.0,315.5
-0.0020143717993050814,168,4.25,242.0
0.020212505012750626,169,-1.0,554.5
0.0006682961247861385,170,1.0,499.0
0.0064923567697405815,171,5.0,135.0
0.030907873064279556,172,-1.0,132.5
0.000863129273056984,173,0.25,223.5
0.0049792807549238205,174,6.25,173.5
0.00885373167693615,175,4.875,224.0
0.014327275566756725,176,1.5,101.5
0.08147916197776794,177,10.0,236.5
0.013569776900112629,178,-0.5,127.0
0.0048007965087890625,179,-0.5,588.0
0.024866828694939613,180,6.5,217.5
0.024538487195968628,181,1.0,521.0
0.008223689161241055,182,-0.75,462.0
0.021717509254813194,183,3.5,160.5
0.06400970369577408,184,-0.5,768.0
0.008297997526824474,185,5.0,229.5
0.028778420761227608,186,3.5,165.5
0.037281278520822525,187,1.5,99.0
-0.01786337047815323,188,-1.0,706.0
0.0071006095968186855,189,6.25,186.0
0.06494292616844177,190,-1.5,768.0
0.011227025650441647,191,-1.5,452.5
0.005580594297498465,192,-0.75,591.0
0.007288423366844654,193,2.75,395.5
0.021234329789876938,194,-0.25,635.5
0.01438321452587843,195,3.5,134.5
0.008294498547911644,196,3.5,185.5
0.055632155388593674,197,3.5,275.5
0.03145347163081169,198,2.625,457.0
0.002763675060123205,199,-1.0,103.0
-6.740533081028843e-06,200,9.0,128.0
0.06658568978309631,201,7.0,144.0
0.01042283233255148,202,4.125,175.0
0.06719257682561874,203,3.5,354.0
0.027247369289398193,204,-0.5,102.5
0.04385834559798241,205,6.875,282.0
0.016329258680343628,206,3.5,332.5
0.06060207262635231,207,5.5,101.0
0.09435418993234634,208,-0.5,310.5
0.046344008296728134,209,1.0,235.0
0.017013687640428543,210,0.0,97.0
0.04738735035061836,211,-1.0,248.5
0.04245973750948906,212,-1.5,132.5
0.027702130377292633,213,-0.5,105.0
0.10709948092699051,214,3.5,94.5
0.04521976411342621,215,-0.25,165.5
0.07258086651563644,216,-0.5,218.5
0.04125906527042389,217,-1.5,108.0
0.08454953134059906,218,-2.0,336.5
0.03161507099866867,219,-1.5,540.5
0.03849523141980171,220,-1.5,480.0
0.029247639700770378,221,1.0,109.0
0.010624632239341736,222,0.5,372.5
0.027840806171298027,223,-2.0,527.0
0.023231418803334236,224,-0.5,242.0
0.04083703085780144,225,0.25,104.5
0.14927366375923157,226,6.5,146.5
0.05224734544754028,227,2.0,108.0
0.08811765164136887,228,0.0,198.5
0.06171208992600441,229,-0.5,167.0
-0.011920089833438396,230,-1.0,190.5
0.0275738388299942,231,1.0,138.0
0.031519655138254166,232,6.25,193.0
0.03311555087566376,233,0.5,137.0
0.05264964699745178,234,1.0,532.5
0.02138807438313961,235,3.5,116.0
0.03745649755001068,236,-0.25,171.5
0.07803522795438766,237,3.5,161.0
0.06233840808272362,238,6.25,152.5
0.06694850325584412,239,-0.5,195.5
0.08582628518342972,240,3.5,394.0
0.018530432134866714,241,9.0,155.5
0.15820367634296417,242,2.0,143.0
0.005166894290596247,243,-1.0,266.5
0.12114967405796051,244,3.5,184.5
0.10116808116436005,245,5.0,240.0
0.11553026735782623,246,0.5,324.5
0.07838594168424606,247,6.25,106.0
0.02491106279194355,248,9.0,126.5
0.103312186896801,249,3.5,237.5
0.012362051755189896,250,9.0,220.5
0.03205855190753937,251,-1.0,643.5
0.019340407103300095,252,-1.0,93.5
0.3692801594734192,253,4.75,103.5
0.0879264697432518,254,3.75,159.0
0.12180276960134506,255,3.5,225.5
0.044071439653635025,256,0.0,66.5
0.6470208764076233,257,-1.5,768.0
0.05442672222852707,258,0.25,146.5
0.24968084692955017,259,6.25,146.0
0.3639271557331085,260,2.0,101.0
0.4931236207485199,261,0.5,433.5
0.06504702568054199,262,3.5,161.5
0.17747762799263,263,-1.0,768.0
0.020628660917282104,264,0.0,134.0
0.4264311194419861,265,9.0,140.5
0.3118022382259369,266,9.0,220.0
0.1805778294801712,267,2.25,200.0
0.1264929622411728,268,1.5,141.5
0.33277836441993713,269,0.0,203.0
0.16784577071666718,270,3.5,191.0
0.2602598965167999,271,1.5,234.0
0.21382541954517365,272,0.0,176.0
0.13227146863937378,273,0.25,187.5
0.2190062403678894,274,-0.5,195.5
0.14701901376247406,275,0.5,190.5
0.1322152465581894,276,3.5,244.5
0.19215799868106842,277,3.5,97.5
0.4178083539009094,278,0.0,245.0
0.18036934733390808,279,1.0,488.0
0.02884000353515148,280,2.25,215.5
0.19386346638202667,281,9.0,104.5
0.31184121966362,282,-1.5,74.5
0.12872031331062317,283,-0.5,222.0
0.14570114016532898,284,-2.0,768.0
0.03171640634536743,285,-1.5,58.5
0.43682414293289185,286,-1.5,768.0
0.03444218635559082,287,6.25,153.0
0.24889272451400757,288,9.0,102.0
0.44350969791412354,289,2.75,209.0
0.12349646538496017,290,1.5,170.5
0.27804532647132874,291,9.0,178.5
0.3071121275424957,292,3.5,121.0
0.23537559807300568,293,0.75,155.0
0.365786612033844,294,3.5,149.0
0.21083328127861023,295,-1.5,768.0
0.07552602887153625,296,4.125,120.5
0.22082777321338654,297,0.5,459.5
0.0840223953127861,298,-1.0,687.5
0.03152569383382797,299,1.5,280.5
0.0883171409368515,300,4.125,207.5
0.1612301468849182,301,4.0,145.5
0.13556057214736938,302,1.0,469.5
0.018083123490214348,303,3.5,159.0
0.23563390970230103,304,-1.25,488.5
0.07682731002569199,305,1.75,357.0
0.10462895035743713,306,1.5,294.5
0.18543456494808197,307,-1.5,768.0
0.04899851605296135,308,-1.0,633.5
0.021978380158543587,309,0.25,387.0
0.09382297098636627,310,9.0,170.5
0.22003240883350372,311,1.0,96.5
0.4715644419193268,312,-2.0,386.0
0.09026819467544556,313,9.0,86.0
0.6423601508140564,314,4.75,160.0
0.30424267053604126,315,1.5,217.0
0.21594329178333282,316,3.75,511.5
0.0925515741109848,317,3.5,144.0
0.13784250617027283,318,1.0,216.5
0.13960875570774078,319,5.0,246.0
0.24798348546028137,320,3.0,161.5
0.14054985344409943,321,5.0,136.5
0.12427358329296112,322,3.5,203.5
0.034312132745981216,323,8.25,452.5
0.020950499922037125,324,-0.5,161.5
0.13856114447116852,325,5.625,266.5
0.016293667256832123,326,5.0,124.0
0.19638076424598694,327,9.0,190.5
0.09845747798681259,328,3.5,183.0
0.07808949798345566,329,4.125,266.5
0.15934042632579803,330,1.625,90.0
0.23115697503089905,331,6.5,242.5
0.14124028384685516,332,4.25,348.5
0.12588833272457123,333,3.5,183.0
0.08920430392026901,334,3.5,220.0
0.19234417378902435,335,3.5,255.5
0.14209498465061188,336,1.5,400.5
0.12955136597156525,337,4.125,200.5
0.1987428069114685,338,-1.5,768.0
0.05645988509058952,339,-1.5,505.5
0.09977269917726517,340,3.5,247.0
0.03991454839706421,341,6.875,271.5
0.08704006671905518,342,2.0,132.5
0.31155315041542053,343,2.0,309.5
0.22508132457733154,344,1.5,436.5
0.044270530343055725,345,6.25,225.5
0.18958571553230286,346,-1.25,488.5
0.09024712443351746,347,1.5,235.0
0.17863667011260986,348,-0.5,476.0
0.12346267700195312,349,2.0,306.5
0.10090193897485733,350,5.5,115.5
0.37082013487815857,351,1.5,499.5
0.09759844839572906,352,-1.5,768.0
0.08471435308456421,353,4.75,127.5
0.30677303671836853,354,9.0,160.5
0.2654643654823303,355,1.25,527.5
0.056068696081638336,356,3.5,272.0
0.1704709529876709,357,1.0,254.5
0.11290266364812851,358,9.0,191.5
0.4862059950828552,359,2.0,163.5
0.4283968210220337,360,3.5,127.5
0.3367758095264435,361,5.0,365.0
0.11371978372335434,362,3.5,375.5
0.17814292013645172,363,9.0,132.5
0.3386043906211853,364,1.0,480.0
0.11769185215234756,365,5.0,390.5
0.21238669753074646,366,6.25,209.5
0.21079136431217194,367,9.0,258.5
0.15970923006534576,368,3.5,132.0
0.5353484749794006,369,4.25,165.5
0.4017276465892792,370,6.25,245.5
0.18558144569396973,371,1.0,528.5
0.13285937905311584,372,3.5,108.5
0.5112691521644592,373,9.0,141.5
0.38272368907928467,374,9.0,186.0
0.2529400587081909,375,3.5,221.0
0.21095234155654907,376,2.0,207.5
0.25044718384742737,377,3.5,268.0
0.1978571116924286,378,9.0,301.0
0.19707079231739044,379,1.25,286.5
0.2486904412508011,380,2.0,248.5
0.2572562098503113,381,2.0,377.5
0.18304045498371124,382,0.5,169.5
0.32605865597724915,383,1.25,166.0
0.40783315896987915,384,2.0,249.0
0.24852494895458221,385,0.5,165.5
0.29938027262687683,386,1.25,163.5
0.4108979105949402,387,-1.5,768.0
0.09512317180633545,388,1.25,285.0
0.24072033166885376,389,0.25,572.0
0.15657564997673035,390,2.0,230.0
0.20936420559883118,391,0.0,219.0
0.2950360178947449,392,0.5,190.0
0.3195551931858063,393,-0.5,545.5
0.08038275688886642,394,0.5,236.0
0.31032028794288635,395,2.0,132.5
0.49219903349876404,396,0.5,185.0
0.18182015419006348,397,2.0,171.0
0.38581809401512146,398,-1.5,768.0
0.07894229888916016,399,0.5,397.0
0.15378600358963013,400,1.25,249.0
0.27932408452033997,401,-2.5,768.0
0.03777018189430237,402,5.5,223.0
0.246358722448349,403,5.5,224.5
0.37698841094970703,404,0.5,291.0
0.1468818634748459,405,1.25,255.5
0.3030547797679901,406,9.0,352.0
0.28035596013069153,407,1.25,130.0
0.5476933717727661,408,0.5,246.5
0.33028334379196167,409,2.0,152.5
0.4850921034812927,410,2.0,182.5
0.47260960936546326,411,-0.5,528.0
0.16958415508270264,412,-1.5,289.5
0.19128550589084625,413,1.25,164.0
0.42744410037994385,414,0.0,373.5
0.21452932059764862,415,0.5,138.5
0.3807726800441742,416,3.5,302.0
0.2575336694717407,417,0.5,215.0
0.33307865262031555,418,-0.5,500.5
0.1759515404701233,419,-1.5,768.0
0.11717738956212997,420,1.25,240.0
0.34847477078437805,421,0.25,525.0
0.11206646263599396,422,1.0,545.5
0.15386663377285004,423,-0.5,434.5
0.25746726989746094,424,3.5,308.5
0.22047999501228333,425,0.25,491.5
0.16706907749176025,426,0.5,248.0
0.2473224699497223,427,0.0,405.5
0.1977541446685791,428,1.25,162.5
0.5146762132644653,429,0.5,125.0
0.6332525610923767,430,1.25,271.5
0.31856769323349,431,1.25,252.5
0.3202787935733795,432,-0.5,128.5
0.4844518005847931,433,0.5,167.5
0.4404264986515045,434,1.25,156.0
0.2952045500278473,435,1.25,264.5
0.3843257427215576,436,2.875,413.5
0.05113130062818527,437,1.5,391.5
0.17319105565547943,438,0.5,304.0
0.29453834891319275,439,0.5,280.5
0.18137101829051971,440,2.0,394.5
0.210642471909523,441,-1.5,768.0
0.08971651643514633,442,2.0,198.5
0.42154833674430847,443,4.125,359.5
0.2586632966995239,444,2.25,424.0
0.1478562355041504,445,3.5,339.0
0.24156533181667328,446,1.0,555.5
0.12510232627391815,447,-1.0,701.0
0.13827739655971527,448,-1.5,768.0
0.12709292769432068,449,0.5,210.5
0.41019877791404724,450,-0.5,485.0
0.23177564144134521,451,-1.5,768.0
0.13799116015434265,452,0.5,338.0
0.24012966454029083,453,3.5,423.5
0.28975826501846313,454,3.5,244.5
0.3010588586330414,455,2.0,212.0
0.3381158411502838,456,0.5,130.0
0.20317208766937256,457,-2.5,0.0
0.0,458,1.0,596.0
0.1106216162443161,459,4.25,213.5
0.2982397675514221,460,0.0,410.0
0.2078482210636139,461,0.25,206.5
0.3272220492362976,462,5.0,516.0
0.18486875295639038,463,-0.5,346.5
0.3831632137298584,464,-0.25,564.5
0.15980631113052368,465,6.25,233.0
0.3259240686893463,466,1.25,232.5
0.20267581939697266,467,0.0,236.5
0.19680744409561157,468,-0.75,254.5
0.13421547412872314,469,-1.5,523.0
0.1620745211839676,470,3.75,114.0
0.43575456738471985,471,3.5,298.5
0.2847995162010193,472,3.75,432.0
0.2294365018606186,473,9.0,319.5
0.31822726130485535,474,5.5,247.0
0.3160601556301117,475,4.25,601.5
0.15875990688800812,476,9.0,229.5
0.2658417522907257,477,0.5,350.0
0.2568884491920471,478,3.75,285.0
0.20715291798114777,479,-1.5,566.5
0.12682069838047028,480,1.75,309.0
0.30030402541160583,481,3.5,156.0
0.7076237797737122,482,-1.0,489.5
0.12079208344221115,483,-1.5,583.0
0.1788938194513321,484,0.5,180.5
0.26331302523612976,485,2.0,151.0
0.5729387402534485,486,-1.0,719.0
0.12515214085578918,487,-2.5,0.0
0.0,488,6.5,230.0
0.4796968698501587,489,3.75,511.5
0.16119268536567688,490,-1.5,204.0
0.22326889634132385,491,1.0,594.5
0.27270573377609253,492,2.75,285.0
0.2757398188114166,493,6.25,337.5
0.1731855571269989,494,2.0,246.0
0.3134228587150574,495,4.0,707.5
0.14285887777805328,496,-1.5,723.5
0.1163398027420044,497,2.0,191.0
0.6135441064834595,498,-2.5,0.0
0.0,499,-2.5,0.0
0.0,500,2.0,159.0
0.5235657095909119,501,-2.5,0.0
0.0,502,-2.5,0.0
0.0,503,-2.5,0.0
0.0,504,-0.5,147.5
0.49905434250831604,505,3.25,150.5
0.49645116925239563,506,-2.5,0.0
0.0,507,-2.5,0.0
0.0,508,-2.5,0.0
0.0,509,-2.5,0.0
0.0,510,-2.5,0.0
0.0,511,-2.5,0.0
0.0,512,-2.5,0.0
0.0,513,-2.5,0.0
0.0,514,-2.5,0.0
0.0,515,-2.5,0.0
0.0,516,-2.5,0.0
0.0,517,9.0,217.0
0.43166133761405945,518,-2.5,0.0
0.0,519,-2.5,0.0
0.0,520,-2.5,0.0
0.0,521,-2.5,0.0
0.0,522,-2.5,0.0
0.0,523,-2.5,0.0
0.0,524,-2.5,0.0
0.0,525,-2.5,0.0
0.0,526,-2.5,0.0
0.0,527,-2.5,0.0
0.0,528,-2.5,0.0
0.0,529,-2.5,0.0
0.0,530,-2.5,0.0
0.0,531,-2.5,0.0
0.0,532,-2.5,0.0
0.0,533,-2.5,0.0
0.0,534,-2.5,0.0
0.0,535,-2.5,0.0
0.0,536,-2.5,0.0
0.0,537,-2.5,0.0
0.0,538,-2.5,0.0
0.0,539,-2.5,0.0
0.0,540,-2.5,0.0
0.0,541,-2.5,0.0
0.0,542,-1.5,737.5
0.15218329429626465,543,-2.5,0.0
0.0,544,-2.5,0.0
0.0,545,-2.5,0.0
0.0,546,-2.5,0.0
0.0,547,-2.5,0.0
0.0,548,-2.5,0.0
0.0,549,-2.5,0.0
0.0,550,-2.5,0.0
0.0,551,-2.5,0.0
0.0,552,-2.5,0.0
0.0,553,-2.5,0.0
0.0,554,-2.5,0.0
0.0,555,-2.5,0.0
0.0,556,-2.5,0.0
0.0,557,-2.5,0.0
0.0,558,-2.5,0.0
0.0,559,-2.5,0.0
0.0,560,-2.5,0.0
0.0,561,-2.5,0.0
0.0,562,-2.5,0.0
0.0,563,-2.5,0.0
0.0,564,-2.5,0.0
0.0,565,-2.5,0.0
0.0,566,-2.5,0.0
0.0,567,-2.5,0.0
0.0,568,-2.5,0.0
0.0,569,-2.5,0.0
0.0,570,-2.5,0.0
0.0,571,-2.5,0.0
0.0,572,-2.5,0.0
0.0,573,-2.5,0.0
0.0,574,-2.5,0.0
0.0,575,-2.5,0.0
0.0,576,-2.5,0.0
0.0,577,-2.5,0.0
0.0,578,-2.5,0.0
0.0,579,-2.5,0.0
0.0,580,-2.5,0.0
0.0,581,-2.5,0.0
0.0,582,-2.5,0.0
0.0,583,-2.5,0.0
0.0,584,-2.5,0.0
0.0,585,-2.5,0.0
0.0,586,-2.5,0.0
0.0,587,-2.5,0.0
0.0,588,-2.5,1.5
28.73773193359375,589,-2.5,0.0
0.0,590,-2.5,0.0
0.0,591,-2.5,0.0
0.0,592,-2.5,0.0
0.0,593,-2.5,0.0
0.0,594,-2.5,0.0
0.0,595,-2.5,0.0
0.0,596,-2.5,0.0
0.0,597,-2.5,0.0
0.0,598,-2.5,0.0
0.0,599,-2.5,0.0
0.0,600,-2.5,0.0
0.0,601,-2.5,0.0
0.0,602,-2.5,0.0
0.0,603,-2.5,0.0
0.0,604,-2.5,0.0
0.0,605,-2.5,0.0
0.0,606,-2.5,0.0
0.0,607,-2.5,0.0
0.0,608,-2.5,0.0
0.0,609,-2.5,0.0
0.0,610,-2.5,0.0
0.0,611,-2.5,0.0
0.0,612,-2.5,0.0
0.0,613,-2.5,0.0
0.0,614,-2.5,0.0
0.0,615,-2.5,0.0
0.0,616,-2.5,0.0
0.0,617,-2.5,0.0
0.0,618,-2.5,0.0
0.0,619,-2.5,0.0
0.0,620,-2.5,0.0
0.0,621,-2.5,0.0
0.0,622,-2.5,0.0
0.0,623,-2.5,0.0
0.0,624,-2.5,0.0
0.0,625,-2.5,0.0
0.0,626,-2.5,0.0
0.0,627,-2.5,0.0
0.0,628,-2.5,0.0
0.0,629,-2.5,0.0
0.0,630,-2.5,0.0
0.0,631,-2.5,0.0
0.0,632,-2.5,0.0
0.0,633,-2.5,0.0
0.0,634,-2.5,0.0
0.0,635,-2.5,0.0
0.0,636,-2.5,0.0
0.0,637,-2.5,0.0
0.0,638,-2.5,0.0
0.0,639,-2.5,0.0
0.0,640,-2.5,0.0
0.0,641,-2.5,0.0
0.0,642,-2.5,0.0
0.0,643,-2.5,0.0
0.0,644,-2.5,0.0
0.0,645,-2.5,0.0
0.0,646,-2.5,0.0
0.0,647,-2.5,0.0
0.0,648,-2.5,0.0
0.0,649,-2.5,0.0
0.0,650,-2.5,0.0
0.0,651,-2.5,0.0
0.0,652,-2.5,0.0
0.0,653,-2.5,0.0
0.0,654,-2.5,0.0
0.0,655,-2.5,0.0
0.0,656,-2.5,0.0
0.0,657,-2.5,0.0
0.0,658,-2.5,0.0
0.0,659,-2.5,0.0
0.0,660,-2.5,0.0
0.0,661,-2.5,0.0
0.0,662,-2.5,0.0
0.0,663,-2.5,0.0
0.0,664,-2.5,0.0
0.0,665,-2.5,0.0
0.0,666,-2.5,0.0
0.0,667,-2.5,0.0
0.0,668,-2.5,0.0
0.0,669,-2.5,0.0
0.0,670,-2.5,0.0
0.0,671,-2.5,0.0
0.0,672,-2.5,0.0
0.0,673,-2.5,0.0
0.0,674,-2.5,0.0
0.0,675,-2.5,0.0
0.0,676,-2.5,0.0
0.0,677,-2.5,0.0
0.0,678,-2.5,0.0
0.0,679,-2.5,0.0
0.0,680,-2.5,0.0
0.0,681,-2.5,0.0
0.0,682,-2.5,0.0
0.0,683,-2.5,0.0
0.0,684,-2.5,0.0
0.0,685,-2.5,0.0
0.0,686,-2.5,0.0
0.0,687,-2.5,0.0
0.0,688,-2.5,0.0
0.0,689,-2.5,0.0
0.0,690,-2.5,0.0
0.0,691,-2.5,0.0
0.0,692,-2.5,0.0
0.0,693,-2.5,0.0
0.0,694,-2.5,0.0
0.0,695,-2.5,0.0
0.0,696,-2.5,0.0
0.0,697,-2.5,0.0
0.0,698,-2.5,0.0
0.0,699,-2.5,0.0
0.0,700,-2.5,0.0
0.0,701,-2.5,0.0
0.0,702,-2.5,0.0
0.0,703,-2.5,0.0
0.0,704,-2.5,0.0
0.0,705,-2.5,0.0
0.0,706,-2.5,0.0
0.0,707,-2.5,0.0
0.0,708,-2.5,0.0
0.0,709,-2.5,0.0
0.0,710,-2.5,0.0
0.0,711,-2.5,0.0
0.0,712,-2.5,0.0
0.0,713,-2.5,0.0
0.0,714,-2.5,0.0
0.0,715,-2.5,0.0
0.0,716,-2.5,0.0
0.0,717,-2.5,0.0
0.0,718,-2.5,0.0
0.0,719,-2.5,0.0
0.0,720,-2.5,0.0
0.0,721,-2.5,0.0
0.0,722,-2.5,0.0
0.0,723,-2.5,0.0
0.0,724,-2.5,0.0
0.0,725,-2.5,0.0
0.0,726,-2.5,0.0
0.0,727,-2.5,0.0
0.0,728,-2.5,0.0
0.0,729,-2.5,0.0
0.0,730,-2.5,0.0
0.0,731,-2.5,0.0
0.0,732,-2.5,0.0
0.0,733,-2.5,0.0
0.0,734,-2.5,0.0
0.0,735,-2.5,0.0
0.0,736,-2.5,0.0
0.0,737,-2.5,0.0
0.0,738,-2.5,0.0
0.0,739,-2.5,0.0
0.0,740,-2.5,0.0
0.0,741,-2.5,0.0
0.0,742,-2.5,0.0
0.0,743,-2.5,0.0
0.0,744,-2.5,0.0
0.0,745,-2.5,0.0
0.0,746,-2.5,0.0
0.0,747,-2.5,0.0
0.0,748,-2.5,0.0
0.0,749,-2.5,0.0
0.0,750,-2.5,0.0
0.0,751,-2.5,0.0
0.0,752,-2.5,0.0
0.0,753,-2.5,0.0
0.0,754,-2.5,0.0
0.0,755,-2.5,0.0
0.0,756,-2.5,0.0
0.0,757,-2.5,0.0
0.0,758,-2.5,0.0
0.0,759,-2.5,0.0
0.0,760,-2.5,0.0
0.0,761,-2.5,0.0
0.0,762,-2.5,0.0
0.0,763,-2.5,0.0
0.0,764,-2.5,0.0
0.0,765,-2.5,0.0
0.0,766,-2.5,0.0
0.0,767,-2.5,0.0
0.0,768,-2.5,0.0
0.0,769,-2.5,0.0
0.0,770,-2.5,0.0
0.0,771,-2.5,0.0
0.0,772,-2.5,0.0
0.0,773,-2.5,0.0
0.0,774,-2.5,0.0
0.0,775,-2.5,0.0
0.0,776,2.625,304.5
0.3493257761001587,777,-2.5,0.0
0.0,778,-2.5,0.0
0.0,779,-2.5,0.0
0.0,780,-2.5,0.0
0.0,781,-2.5,0.0
0.0,782,-2.5,0.0
0.0,783,4.5,268.0
0.16670843958854675,784,-2.5,0.0
0.0,785,-2.5,0.0
0.0,786,-2.5,0.0
0.0,787,-2.5,0.0
0.0,788,-2.5,0.0
0.0,789,-2.5,0.0
0.0,790,-2.5,0.0
0.0,791,-2.5,0.0
0.0,792,-2.5,0.0
0.0,793,-2.5,0.0
0.0,794,-2.5,0.0
0.0,795,-2.5,0.0
0.0,796,-2.5,0.0
0.0,797,-2.5,0.0
0.0,798,-2.5,0.0
0.0,799,-2.5,0.0
0.0,800,-2.5,0.0
0.0,801,-2.5,0.0
0.0,802,-2.5,0.0
0.0,803,-2.5,0.0
0.0,804,-2.5,0.0
0.0,805,-2.5,0.0
0.0,806,-2.5,0.0
0.0,807,-2.5,0.0
0.0,808,-2.5,0.0
0.0,809,-2.5,0.0
0.0,810,-2.5,0.0
0.0,811,-2.5,0.0
0.0,812,-2.5,0.0
0.0,813,-2.5,0.0
0.0,814,-2.5,0.0
0.0,815,-2.5,0.0
0.0,816,-2.5,0.0
0.0,817,-2.5,0.0
0.0,818,-2.5,0.0
0.0,819,-2.5,0.0
0.0,820,-2.5,0.0
0.0,821,-2.5,0.0
0.0,822,-2.5,0.0
0.0,823,-2.5,0.0
0.0,824,-2.5,0.0
0.0,825,-2.5,0.0
0.0,826,-2.5,0.0
0.0,827,-2.5,0.0
0.0,828,-2.5,0.0
0.0,829,-2.5,0.0
0.0,830,-2.5,0.0
0.0,831,-2.5,0.0
0.0,832,-2.5,0.0
0.0,833,-2.5,0.0
0.0,834,-2.5,0.0
0.0,835,-2.5,0.0
0.0,836,-2.5,0.0
0.0,837,-2.5,0.0
0.0,838,-2.5,0.0
0.0,839,-2.5,0.0
0.0,840,-2.5,0.0
0.0,841,-2.5,0.0
0.0,842,-2.5,0.0
0.0,843,-2.5,0.0
0.0,844,-2.5,0.0
0.0,845,-2.5,0.0
0.0,846,-2.5,0.0
0.0,847,-2.5,0.0
0.0,848,-2.5,0.0
0.0,849,-2.5,0.0
0.0,850,-2.5,0.0
0.0,851,-2.5,0.0
0.0,852,-2.5,0.0
0.0,853,-2.5,0.0
0.0,854,-2.5,0.0
0.0,855,-2.5,0.0
0.0,856,-2.5,0.0
0.0,857,-2.5,0.0
0.0,858,-2.5,0.0
0.0,859,-2.5,0.0
0.0,860,-2.5,0.0
0.0,861,-2.5,0.0
0.0,862,-2.5,0.0
0.0,863,-2.5,0.0
0.0,864,-2.5,0.0
0.0,865,-2.5,0.0
0.0,866,-2.5,0.0
0.0,867,-2.5,0.0
0.0,868,-2.5,0.0
0.0,869,-2.5,0.0
0.0,870,-2.5,0.0
0.0,871,-2.5,0.0
0.0,872,-2.5,0.0
0.0,873,-2.5,0.0
0.0,874,-2.5,0.0
0.0,875,-2.5,0.0
0.0,876,-2.5,0.0
0.0,877,-2.5,0.0
0.0,878,-2.5,0.0
0.0,879,-2.5,0.0
0.0,880,-2.5,0.0
0.0,881,-2.5,0.0
0.0,882,-2.5,0.0
0.0,883,-2.5,0.0
0.0,884,-2.5,0.0
0.0,885,-2.5,0.0
0.0,886,-2.5,0.0
0.0,887,-2.5,0.0
0.0,888,-2.5,0.0
0.0,889,-2.5,0.0
0.0,890,-2.5,0.0
0.0,891,-2.5,0.0
0.0,892,-2.5,0.0
0.0,893,-2.5,0.0
0.0,894,-2.5,0.0
0.0,895,-2.5,0.0
0.0,896,-2.5,0.0
0.0,897,-2.5,0.0
0.0,898,-2.5,0.0
0.0,899,-2.5,0.0
0.0,900,-2.5,0.0
0.0,901,-2.5,0.0
0.0,902,-2.5,0.0
0.0,903,1.0,616.5
0.18011167645454407,904,-2.5,0.0
0.0,905,-2.5,0.0
0.0,906,-2.5,0.0
0.0,907,-2.5,0.0
0.0,908,-2.5,0.0
0.0,909,-2.5,0.0
0.0,910,-2.5,0.0
0.0,911,-2.5,0.0
0.0,912,-2.5,0.0
0.0,913,-2.5,0.0
0.0,914,-2.5,0.0
0.0,915,-1.0,224.0
0.3156876564025879,916,3.5,265.0
0.29114899039268494,917,-2.5,0.0
0.0,918,-2.5,0.0
0.0,919,-2.5,0.0
0.0,920,-2.5,0.0
0.0,921,-2.5,0.0
0.0,922,-2.5,0.0
0.0,923,-2.5,0.0
0.0,924,2.0,210.5
0.14699238538742065,925,-2.5,0.0
0.0,926,-2.5,0.0
0.0,927,4.75,335.5
0.2833680212497711,928,-2.5,0.0
0.0,929,-2.5,0.0
0.0,930,8.25,144.5
0.5126203298568726,931,-2.5,0.0
0.0,932,2.25,470.5
0.2737272381782532,933,4.25,264.5
0.20215274393558502,934,-2.5,0.0
0.0,935,-2.5,0.0
0.0,936,3.5,101.0
0.498745858669281,937,0.75,42.5
0.5537653565406799,938,-2.5,0.0
0.0,939,0.5,119.5
0.4634985625743866,940,2.0,79.0
0.7327589988708496,941,3.5,199.5
0.35828322172164917,942,4.0,83.0
0.841132402420044,943,6.5,190.5
0.43452346324920654,944,4.0,85.0
0.6584084033966064,945,3.5,78.0
0.8245110511779785,946,-2.5,0.0
0.0,947,3.0,88.0
1.5814024209976196,948,-2.5,0.0
0.0,949,-2.5,0.0
0.0,950,-2.5,0.0
0.0,951,-2.5,0.0
0.0,952,-0.5,256.0
0.31592535972595215,953,0.75,40.5
1.3053737878799438,954,0.5,88.0
0.7487227320671082,955,-2.5,0.0
0.0,956,-2.5,0.0
0.0,957,-1.0,27.5
1.993748426437378,958,2.5,139.0
0.7191049456596375,959,-2.5,1.0
29.015132904052734,960,-2.5,0.0
0.0,961,-2.5,0.0
0.0,962,4.375,229.5
0.526214599609375,963,6.25,216.0
0.343476802110672,964,-2.5,0.0
0.0,965,3.5,351.0
0.3586786687374115,966,-2.5,0.0
0.0,967,-1.0,231.5
0.3514065146446228,968,-2.5,7.0
4.195777893066406,969,-2.5,0.0
0.0,970,4.0,110.5
0.9440513253211975,971,-2.5,0.0
0.0,972,-2.5,0.0
0.0,973,-2.5,0.0
0.0,974,-2.5,0.0
0.0,975,-2.5,0.0
0.0,976,-2.5,0.0
0.0,977,-2.5,0.0
0.0,978,-2.5,0.0
0.0,979,-2.5,0.0
0.0,980,-2.5,0.0
0.0,981,0.75,101.5
0.8788385987281799,982,-2.5,0.0
0.0,983,-2.5,0.0
0.0,984,-2.5,0.0
0.0,985,0.5,232.5
0.3303532600402832,986,-2.5,0.0
0.0,987,-2.5,0.0
0.0,988,-2.5,0.0
0.0,989,-2.5,0.0
0.0,990,-2.5,0.0
0.0,991,-2.5,0.0
0.0,992,-2.5,0.0
0.0,993,-2.5,0.0
0.0,994,-2.5,0.0
0.0,995,-2.5,0.0
0.0,996,-2.5,0.0
0.0,997,-2.5,0.0
0.0,998,-2.5,0.0
0.0,999,-2.5,0.0
0.0,1000,-2.5,0.0
0.0,1001,-2.5,0.0
0.0,1002,-2.5,0.0
0.0,1003,-2.5,0.0
0.0,1004,-2.5,0.0
0.0,1005,-2.5,0.0
0.0,1006,-2.5,0.0
0.0,1007,-2.5,0.0
0.0,1008,-2.5,0.0
0.0,1009,-2.5,0.0
0.0,1010,-2.5,0.0
0.0,1011,-2.5,0.0
0.0,1012,-2.5,0.0
0.0,1013,-2.5,0.0
0.0,1014,-2.5,0.0
0.0,1015,-2.5,0.0
0.0,1016,-2.5,0.0
0.0,1017,0.75,69.0
1.0222816467285156,1018,-2.5,0.0
0.0,1019,-2.5,0.0
0.0,1020,2.75,165.0
0.680506706237793,1021,-2.5,0.0
0.0,1022,1.0,431.5
0.22952303290367126,1023,-2.5,0.0
0.0,1024,0.75,37.5
1.6347012519836426,1025,-2.5,0.0
0.0,1026,-2.5,0.0
0.0,1027,-2.5,0.0
0.0,1028,-2.5,0.0
0.0,1029,-2.5,0.0
0.0,1030,-2.5,0.0
0.0,1031,-2.5,0.0
0.0,1032,-2.5,0.0
0.0,1033,-2.5,0.0
0.0,1034,-2.5,0.0
0.0,1035,-2.5,0.0
0.0,1036,-2.5,0.0
0.0,1037,-2.5,0.0
0.0,1038,-2.5,0.0
0.0,1039,-2.5,0.0
0.0,1040,-2.5,0.0
0.0,1041,-2.5,0.0
0.0,1042,1.0,309.5
0.38211750984191895,1043,-2.5,0.0
0.0,1044,-2.5,0.0
0.0,1045,-2.5,0.5
31.930185317993164,1046,-2.5,0.0
0.0,1047,-1.25,117.5
0.24612243473529816,1048,-2.5,0.0
0.0,1049,-2.5,0.0
0.0,1050,4.0,253.0
0.478554368019104,1051,-2.5,0.0
0.0,1052,-2.5,0.0
0.0,1053,4.0,332.5
0.41830000281333923,1054,4.25,587.0
0.37904471158981323,1055,-2.5,0.0
0.0,1056,4.0,161.5
0.7144116163253784,1057,2.5,248.0
0.3379724621772766,1058,3.5,108.0
0.9077891707420349,1059,-2.5,0.0
0.0,1060,5.75,210.0
0.3130664825439453,1061,-2.5,0.0
0.0,1062,-2.5,0.0
0.0,1063,-2.5,0.0
0.0,1064,-2.5,0.0
0.0,1065,-2.5,0.0
0.0,1066,-2.5,0.0
0.0,1067,4.0,206.5
0.5559709072113037,1068,-2.5,0.0
0.0,1069,-2.5,0.0
0.0,1070,-2.5,0.0
0.0,1071,4.0,89.0
0.7924204468727112,1072,-2.5,0.0
0.0,1073,-2.5,0.0
0.0,1074,0.5,171.5
0.8195465803146362,1075,-2.5,0.0
0.0,1076,4.0,252.0
0.34509342908859253,1077,-2.5,0.0
0.0,1078,-2.5,0.0
0.0,1079,-2.5,0.0
0.0,1080,-1.0,30.5
1.838445782661438,1081,-2.5,0.0
0.0,1082,-2.5,0.0
0.0,1083,-2.5,0.0
0.0,1084,-2.5,0.0
0.0,1085,-2.5,0.0
0.0,1086,-2.5,0.0
0.0,1087,-2.5,0.0
0.0,1088,-2.5,0.0
0.0,1089,-2.5,0.0
0.0,1090,-2.5,0.0
0.0,1091,-2.5,0.0
0.0,1092,-2.5,0.0
0.0,1093,1.25,235.0
0.3793037533760071,1094,-2.5,0.0
0.0,1095,-2.5,0.0
0.0,1096,-2.0,39.0
1.2164201736450195,1097,1.75,359.5
0.2766021192073822,1098,0.0,203.5
0.28266748785972595,1099,2.75,108.5
0.70592200756073,1100,4.0,124.0
0.9285815954208374,1101,-2.5,0.0
0.0,1102,-1.5,545.0
0.23817788064479828,1103,-2.5,0.0
0.0,1104,-2.5,0.0
0.0,1105,4.0,256.0
0.5576157569885254,1106,4.0,148.5
1.1109017133712769,1107,-2.5,0.0
0.0,1108,0.5,768.0
0.2778559625148773,1109,-1.0,384.0
0.27886325120925903,1110,-2.5,0.0
0.0,1111,0.75,116.0
0.47711268067359924,1112,0.0,251.0
0.31525376439094543,1113,4.0,126.5
0.6739435791969299,1114,-2.5,0.0
0.0,1115,-2.5,0.0
0.0,1116,-2.5,0.0
0.0,1117,-2.5,0.0
0.0,1118,-2.5,0.0
0.0,1119,-2.5,0.0
0.0,1120,-2.5,0.0
0.0,1121,-2.5,0.0
0.0,1122,4.0,228.0
0.5369004011154175,1123,-2.5,0.0
0.0,1124,4.0,78.5
1.0269432067871094,1125,-2.5,0.0
0.0,1126,0.75,62.0
0.7408028841018677,1127,4.0,168.5
0.6830752491950989,1128,-2.5,0.0
0.0,1129,-2.5,0.0
0.0,1130,-2.5,0.0
0.0,1131,0.5,45.0
1.5970690250396729,1132,-2.5,0.0
0.0,1133,-2.5,0.0
0.0,1134,-2.5,0.0
0.0,1135,-2.5,0.0
0.0,1136,0.5,58.5
0.9404400587081909,1137,-2.5,0.0
0.0,1138,-2.5,0.0
0.0,1139,-2.5,0.0
0.0,1140,4.0,136.0
0.8792259097099304,1141,0.0,60.0
1.80023992061615,1142,-2.5,0.0
0.0,1143,-2.5,0.0
0.0,1144,-2.5,0.0
0.0,1145,-2.5,0.0
0.0,1146,-2.5,0.0
0.0,1147,0.0,200.5
0.6094470620155334,1148,4.0,86.5
0.7921420931816101,1149,-2.5,0.0
0.0,1150,-2.5,0.0
0.0,1151,4.0,223.5
0.7622276544570923,1152,-2.5,0.0
0.0,1153,2.25,354.5
0.40628311038017273,1154,0.5,86.5
0.9047734141349792,1155,-1.0,108.0
1.2696754932403564,1156,-2.5,0.0
0.0,1157,-2.5,0.0
0.0,1158,-0.5,29.5
1.9358230829238892,1159,-1.5,204.0
0.46014517545700073,1160,4.0,273.0
0.7267637848854065,1161,-0.5,121.0
0.6262344121932983,1162,0.5,134.0
0.32980018854141235,1163,-1.0,410.5
0.3020000755786896,1164,-2.5,0.0
0.0,1165,-2.5,0.0
0.0,1166,-0.5,135.5
0.6902389526367188,1167,-2.5,0.0
0.0,1168,4.0,223.5
0.7391318082809448,1169,0.75,132.5
0.7030748128890991,1170,-2.5,0.0
0.0,1171,1.75,256.0
0.7457154989242554,1172,4.0,248.5
0.9555215239524841,1173,-2.5,0.0
0.0,1174,0.5,93.0
1.1110514402389526,1175,2.25,377.0
0.5511910319328308,1176,-1.5,768.0
0.263140469789505,1177,-2.5,0.0
0.0,1178,0.5,224.0
0.5597237944602966,1179,4.0,388.0
0.6636390089988708,1180,-0.5,244.5
0.6830782294273376,1181,1.75,113.0
0.8724114298820496,1182,5.5,211.0
0.8192859292030334,1183,-2.5,0.0
0.0,1184,0.0,514.5
0.5214056968688965,1185,0.5,768.0
0.31723552942276,1186,-2.5,0.0
0.0,1187,1.25,167.5
0.9477789402008057,1188,1.75,257.0
0.7295846939086914,1189,-1.0,85.0
1.516290545463562,1190,1.75,180.0
0.9618894457817078,1191,4.0,137.5
1.0559864044189453,1192,-2.5,0.0
0.0,1193,4.0,174.5
0.7161944508552551,1194,3.5,51.5
1.7448585033416748,1195,-2.5,0.0
0.0,1196,3.0,121.0
1.0371098518371582,1197,4.0,214.0
0.711225688457489,1198,-2.5,0.0
0.0,1199,4.0,159.0
0.863420844078064,1200,-1.5,104.5
0.7549132108688354,1201,4.0,274.0
0.6937288641929626,1202,4.0,157.5
0.8129859566688538,1203,0.5,57.0
1.5573638677597046,1204,0.5,421.0
0.43503376841545105,1205,-2.5,0.0
0.0,1206,-2.5,0.0
0.0,1207,-2.5,0.0
0.0,1208,1.25,109.5
0.6165850162506104,1209,0.0,232.0
0.5960648059844971,1210,-2.5,0.0
0.0,1211,1.75,317.0
0.5796310305595398,1212,4.0,303.0
0.5560463070869446,1213,4.0,299.0
0.46185100078582764,1214,-0.5,258.0
0.767408549785614,1215,0.5,87.5
1.0165854692459106,1216,-2.5,2.0
22.454235076904297,1217,-2.5,1.0
28.70718002319336,1218,2.25,175.0
0.7567261457443237,1219,1.25,507.0
0.3680303692817688,1220,4.0,261.0
0.7087403535842896,1221,4.0,268.5
0.6403499245643616,1222,0.25,104.5
0.5109525322914124,1223,0.5,163.0
0.8335839509963989,1224,0.5,74.5
1.5220915079116821,1225,-1.5,768.0
0.2531561851501465,1226,0.5,279.0
0.41152217984199524,1227,2.0,271.0
0.6035246253013611,1228,4.0,250.5
0.6029906868934631,1229,-2.5,0.0
0.0,1230,-2.5,0.0
0.0,1231,-2.5,2.0
28.08570671081543,1232,2.25,206.5
0.7545169591903687,1233,1.25,378.5
0.546665370464325,1234,2.25,200.5
0.9384390115737915,1235,3.5,228.0
0.7919644713401794,1236,-0.25,123.0
0.5550568699836731,1237,2.25,143.0
1.080030083656311,1238,0.0,176.5
0.5823182463645935,1239,3.0,219.5
0.7662277221679688,1240,2.25,547.0
0.4523281455039978,1241,0.5,83.5
1.0997328758239746,1242,2.5,521.5
0.3182959258556366,1243,-0.5,366.0
0.6749992370605469,1244,2.0,105.5
0.23111829161643982,1245,0.0,178.0
0.753424346446991,1246,1.75,81.0
1.6099470853805542,1247,2.25,659.5
0.41454601287841797,1248,0.5,235.5
0.8410020470619202,1249,2.25,388.5
0.4639131426811218,1250,1.75,91.0
1.7668157815933228,1251,0.5,315.0
0.5031547546386719,1252,1.75,174.0
0.7852656841278076,1253,0.5,184.5
0.6343682408332825,1254,2.25,168.0
0.6963218450546265,1255,1.25,211.5
0.39947304129600525,1256,3.0,378.5
0.5234975814819336,1257,-0.5,241.0
0.5899273753166199,1258,0.0,357.0
0.3934207856655121,1259,4.0,134.5
0.9628279805183411,1260,-2.5,1.0
40.9943962097168,1261,0.0,559.5
0.4865538775920868,1262,-0.5,168.0
0.9299176931381226,1263,2.25,99.5
1.2619786262512207,1264,0.5,91.0
1.6744636297225952,1265,0.0,127.5
1.2514828443527222,1266,1.75,329.0
0.6394026279449463,1267,-1.5,151.5
0.8248051404953003,1268,4.0,105.5
1.2859033346176147,1269,2.25,89.5
1.14116632938385,1270,-0.5,113.5
2.0242199897766113,1271,2.25,512.0
0.4278776943683624,1272,-1.0,196.0
0.6097099184989929,1273,2.0,191.5
1.1209791898727417,1274,1.25,553.5
0.46657833456993103,1275,-1.0,78.0
1.3567630052566528,1276,4.0,221.5
0.8125551342964172,1277,4.0,388.5
0.5360304117202759,1278,2.25,89.5
1.3186075687408447,1279,4.0,191.0
0.8385986685752869,1280,1.25,94.5
0.8807530403137207,1281,4.0,170.0
0.9279069304466248,1282,1.25,99.0
0.8349792957305908,1283,2.25,214.0
0.5277212858200073,1284,4.0,83.0
1.453366756439209,1285,2.25,196.5
0.6325241923332214,1286,2.25,260.0
0.606669008731842,1287,4.0,254.0
0.7033476233482361,1288,-0.5,61.0
1.15287446975708,1289,-1.0,121.5
0.7460553050041199,1290,2.25,557.0
0.4301699697971344,1291,4.0,134.5
0.9642065167427063,1292,4.0,239.5
0.7142639756202698,1293,-0.5,184.5
1.136551022529602,1294,1.75,418.0
0.4272874593734741,1295,-2.5,0.0
0.0,1296,4.0,82.0
1.3861995935440063,1297,2.25,75.0
1.1982221603393555,1298,-1.0,97.0
1.3332687616348267,1299,4.0,414.5
0.49326157569885254,1300,-2.5,1.0
28.948116302490234,1301,-1.0,39.0
2.0222039222717285,1302,2.25,162.0
0.9589020609855652,1303,4.0,187.5
0.8222993612289429,1304,0.5,59.0
2.0772547721862793,1305,0.5,110.0
1.0656121969223022,1306,2.25,267.5
0.7494069337844849,1307,2.0,87.0
1.78034508228302,1308,-2.5,0.0
0.0,1309,0.0,74.5
1.3416922092437744,1310,2.75,170.5
0.7312890291213989,1311,-2.5,0.0
0.0,1312,0.5,68.5
1.4905414581298828,1313,4.0,144.0
0.8505622744560242,1314,3.5,70.5
1.7784892320632935,1315,2.25,80.0
1.3725481033325195,1316,4.0,95.0
1.01045823097229,1317,0.5,92.5
1.0184940099716187,1318,0.5,73.5
1.2442760467529297,1319,1.75,73.5
1.4325464963912964,1320,-1.0,28.5
1.890008807182312,1321,0.5,85.5
1.0922702550888062,1322,2.25,91.0
1.239203691482544,1323,7.5,79.5
1.497100830078125,1324,2.25,92.5
1.4572367668151855,1325,0.5,68.5
1.8485089540481567,1326,3.75,100.0
1.175025463104248,1327,0.5,75.5
1.3989832401275635,1328,2.0,61.0
2.3354098796844482,1329,4.0,273.0
0.5288228392601013,1330,-2.5,1.0
40.307701110839844,1331,3.75,98.0
1.2787843942642212,1332,2.25,97.5
1.9748594760894775,1333,0.5,126.0
1.1601507663726807,1334,-0.5,459.5
0.42582961916923523,1335,0.5,78.5
1.8758171796798706,1336,4.0,103.5
0.8517734408378601,1337,3.75,73.0
1.7947087287902832,1338,-2.5,0.0
0.0,1339,0.5,42.0
1.3623963594436646,1340,2.25,204.0
0.6065216064453125,1341,2.0,89.5
1.9113965034484863,1342,3.5,97.0
1.238539457321167,1343,0.5,142.5
0.9003137350082397,1344,0.5,149.5
0.9999556541442871,1345,-2.5,0.0
0.0,1346,2.25,262.5
0.6587153673171997,1347,-2.5,0.0
0.0,1348,0.0,551.0
0.41201645135879517,1349,0.0,156.5
0.7936326861381531,1350,0.75,171.0
0.8520990610122681,1351,2.25,489.0
0.5919678211212158,1352,2.25,198.0
0.5088244676589966,1353,-2.5,1.0
26.766597747802734,1354,-2.5,0.0
0.0,1355,-2.5,1.0
28.585357666015625,1356,-2.0,77.5
0.7092130780220032,1357,0.0,392.0
0.6911771297454834,1358,0.0,83.5
1.2136192321777344,1359,2.25,149.5
0.9517947435379028,1360,1.0,248.0
0.9350128173828125,1361,0.5,68.0
1.5805355310440063,1362,2.25,193.0
0.613560140132904,1363,0.75,44.0
1.8072680234909058,1364,-0.5,66.0
1.6183470487594604,1365,0.5,275.5
0.8806341290473938,1366,0.75,129.0
1.1993197202682495,1367,-2.5,3.0
10.38156509399414,1368,4.0,95.5
1.282956838607788,1369,-2.5,1.0
21.402904510498047,1370,2.75,82.5
1.297414779663086,1371,-2.5,1.0
30.556453704833984,1372,4.0,74.5
1.5742486715316772,1373,-2.5,1.5
20.567031860351562,1374,-1.0,34.0
1.660097599029541,1375,-2.5,1.0
19.086467742919922,1376,4.0,119.0
1.6424832344055176,1377,-2.5,1.0
27.6412353515625,1378,-1.5,115.0
1.3070439100265503,1379,4.0,85.0
1.602508544921875,1380,4.0,214.0
0.6401650905609131,1381,-2.5,1.0
40.177146911621094,1382,0.5,133.5
1.341262936592102,1383,-2.5,1.0
22.308467864990234,1384,-2.5,1.0
42.09820556640625,1385,-2.5,1.0
19.33740997314453,1386,-2.5,1.0
19.253990173339844,1387,-2.5,0.0
0.0,1388,-2.5,0.0
0.0,1389,-2.5,0.5
20.07270050048828,1390,1.75,483.5
0.6988920569419861,1391,-2.5,0.0
0.0,1392,-2.5,0.0
0.0,1393,-0.5,106.5
1.606539011001587,1394,-2.5,0.0
0.0,1395,-2.5,0.0
0.0,1396,0.75,130.5
1.049000859260559,1397,-2.5,0.0
0.0,1398,-2.5,0.0
0.0,1399,-2.5,0.0
0.0,1400,-2.5,0.0
0.0,1401,-2.5,0.0
0.0,1402,-2.5,0.0
0.0,1403,-2.5,0.0
0.0,1404,-2.5,0.0
0.0,1405,-2.5,0.0
0.0,1406,-2.5,0.0
0.0,1407,-2.5,0.0
0.0,1408,-2.5,0.0
0.0,1409,-2.5,0.0
0.0,1410,-2.5,0.0
0.0,1411,-2.5,0.0
0.0,1412,-2.5,0.0
0.0,1413,-2.5,0.0
0.0,1414,-2.5,0.0
0.0,1415,-2.5,0.0
0.0,1416,-2.5,0.0
0.0,1417,-2.5,0.0
0.0,1418,-2.5,0.0
0.0,1419,-2.5,0.0
0.0,1420,-2.5,0.0
0.0,1421,-2.5,0.0
0.0,1422,-1.5,703.0
0.3951020836830139,1423,-2.5,0.0
0.0,1424,-2.5,0.0
0.0,1425,-2.5,0.0
0.0,1426,-2.5,0.0
0.0,1427,-2.5,0.0
0.0,1428,-2.5,0.0
0.0,1429,-2.5,0.0
0.0,1430,-2.5,0.0
0.0,1431,-2.5,0.0
0.0,1432,-2.5,0.0
0.0,1433,-2.5,0.0
0.0,1434,-2.5,0.0
0.0,1435,-2.5,0.0
0.0,1436,-2.5,0.0
0.0,1437,-2.5,0.0
0.0,1438,-2.5,0.0
0.0,1439,-2.5,0.0
0.0,1440,-2.5,0.0
0.0,1441,-2.5,0.0
0.0,1442,0.5,159.0
0.8704723119735718,1443,-2.5,0.0
0.0,1444,-2.5,0.0
0.0,1445,-2.5,0.0
0.0,1446,-2.5,0.0
0.0,1447,-2.5,0.0
0.0,1448,-2.5,0.0
0.0,1449,-2.5,0.0
0.0,1450,-2.5,0.0
0.0,1451,-2.5,0.0
0.0,1452,-2.5,0.0
0.0,1453,-2.5,77.0
0.5171210765838623,1454,-2.5,0.0
0.0,1455,-2.5,0.0
0.0,1456,-2.5,0.0
0.0,1457,-2.5,0.0
0.0,1458,-2.5,0.0
0.0,1459,-2.5,0.0
0.0,1460,-2.5,0.0
0.0,1461,-2.5,0.0
0.0,1462,-2.5,0.0
0.0,1463,-2.5,0.0
0.0,1464,-2.5,0.0
0.0,1465,-2.5,0.0
0.0,1466,-2.5,0.0
0.0,1467,-2.5,0.0
0.0,1468,-2.5,0.0
0.0,1469,-2.5,0.0
0.0,1470,-2.5,0.0
0.0,1471,-2.5,0.0
0.0,1472,-2.5,0.0
0.0,1473,-2.5,0.0
0.0,1474,-2.5,0.0
0.0,1475,-2.5,0.0
0.0,1476,-2.5,0.0
0.0,1477,0.75,46.0
1.6589741706848145,1478,2.0,214.0
0.7649082541465759,1479,-2.5,0.0
0.0,1480,-2.5,0.0
0.0,1481,-2.5,0.0
0.0,1482,-2.5,0.0
0.0,1483,-2.5,0.0
0.0,1484,-2.5,0.0
0.0,1485,-2.5,0.0
0.0,1486,-2.5,0.0
0.0,1487,-2.5,0.0
0.0,1488,-2.5,0.0
0.0,1489,-2.5,0.0
0.0,1490,-2.5,0.0
0.0,1491,-2.5,0.0
0.0,1492,-2.5,0.0
0.0,1493,-2.5,0.0
0.0,1494,4.0,342.5
0.7259687781333923,1495,-2.5,0.0
0.0,1496,-2.5,0.0
0.0,1497,-2.5,0.0
0.0,1498,-2.5,0.0
0.0,1499,-2.5,0.0
0.0,1500,-2.5,0.0
0.0,1501,-2.5,0.0
0.0,1502,-2.5,0.0
0.0,1503,-2.5,0.0
0.0,1504,-2.5,0.0
0.0,1505,-2.5,0.0
0.0,1506,-2.5,0.0
0.0,1507,-2.5,0.0
0.0,1508,-2.5,0.0
0.0,1509,-2.5,0.0
0.0,1510,-2.5,0.0
0.0,1511,-2.5,0.0
0.0,1512,-2.5,0.0
0.0,1513,-2.5,0.0
0.0,1514,-2.5,0.0
0.0,1515,-2.5,0.0
0.0,1516,-2.5,0.0
0.0,1517,-2.5,0.0
0.0,1518,-2.5,0.0
0.0,1519,-2.5,0.0
0.0,1520,-2.5,0.0
0.0,1521,-2.5,0.0
0.0,1522,-2.5,0.0
0.0,1523,-2.5,0.0
0.0,1524,-2.5,0.0
0.0,1525,-2.5,0.0
0.0,1526,-2.5,0.0
0.0,1527,-2.5,0.0
0.0,1528,-2.5,0.0
0.0,1529,-2.5,0.0
0.0,1530,-2.5,0.0
0.0,1531,-2.5,0.0
0.0,1532,-2.5,0.0
0.0,1533,-2.5,0.0
0.0,1534,-2.5,0.0
0.0,1535,-2.5,0.0
0.0,1536,-2.5,0.0
0.0,1537,-2.5,0.0
0.0,1538,-2.5,0.0
0.0,1539,-2.5,0.0
0.0,1540,-2.5,0.0
0.0,1541,-2.5,0.0
0.0,1542,-2.5,0.0
0.0,1543,-2.5,1.0
27.470909118652344,1544,-2.5,0.0
0.0,1545,-2.5,0.0
0.0,1546,-2.5,0.0
0.0,1547,-2.5,0.0
0.0,1548,-2.5,0.0
0.0,1549,-2.5,0.0
0.0,1550,-2.5,0.0
0.0,1551,-2.5,0.0
0.0,1552,-2.5,0.0
0.0,1553,-2.5,0.0
0.0,1554,-2.5,0.0
0.0,1555,-2.5,0.0
0.0,1556,-2.5,0.0
0.0,1557,-2.5,0.0
0.0,1558,-2.5,0.0
0.0,1559,-2.5,0.0
0.0,1560,-2.5,0.0
0.0,1561,-2.5,0.0
0.0,1562,-2.5,0.0
0.0,1563,-2.5,0.0
0.0,1564,-2.5,0.0
0.0,1565,-2.5,0.0
0.0,1566,-2.5,0.0
0.0,1567,-2.5,0.0
0.0,1568,-2.5,0.0
0.0,1569,-2.5,0.0
0.0,1570,-2.5,0.0
0.0,1571,-2.5,0.0
0.0,1572,-2.5,0.0
0.0,1573,-2.5,0.0
0.0,1574,-2.5,0.0
0.0,1575,-2.5,0.0
0.0,1576,-2.5,0.0
0.0,1577,-2.5,0.0
0.0,1578,-2.5,0.0
0.0,1579,-2.5,0.0
0.0,1580,-2.5,0.0
0.0,1581,-2.5,0.0
0.0,1582,-2.5,0.0
0.0,1583,-2.5,0.0
0.0,1584,-2.5,0.0
0.0,1585,-2.5,0.0
0.0,1586,-2.5,0.0
0.0,1587,-2.5,0.0
0.0,1588,-2.5,0.0
0.0,1589,-2.5,0.0
0.0,1590,-2.5,0.0
0.0,1591,-2.5,0.0
0.0,1592,-2.5,0.0
0.0,1593,-2.5,0.0
0.0,1594,-2.5,0.0
0.0,1595,-2.5,0.0
0.0,1596,-2.5,0.0
0.0,1597,-2.5,0.0
0.0,1598,-2.5,0.0
0.0,1599,-2.5,0.0
0.0,1600,-2.5,0.0
0.0,1601,-2.5,0.0
0.0,1602,-2.5,0.0
0.0,1603,-2.5,0.0
0.0,1604,-2.5,0.0
0.0,1605,-2.5,0.0
0.0,1606,-2.5,0.0
0.0,1607,-2.5,0.0
0.0,1608,-2.5,0.0
0.0,1609,-2.5,0.0
0.0,1610,-2.5,0.0
0.0,1611,-2.5,0.0
0.0,1612,-2.5,0.0
0.0,1613,-2.5,0.0
0.0,1614,-2.5,0.0
0.0,1615,-2.5,0.0
0.0,1616,-2.5,0.0
0.0,1617,-2.5,0.0
0.0,1618,-2.5,0.0
0.0,1619,-2.5,0.0
0.0,1620,-2.5,0.0
0.0,1621,-2.5,0.0
0.0,1622,-2.5,0.0
0.0,1623,-2.5,0.0
0.0,1624,-2.5,0.0
0.0,1625,-2.5,0.0
0.0,1626,-2.5,0.0
0.0,1627,-2.5,0.0
0.0,1628,-2.5,0.0
0.0,1629,-2.5,0.0
0.0,1630,-2.5,0.0
0.0,1631,-2.5,0.0
0.0,1632,-2.5,0.0
0.0,1633,-2.5,0.0
0.0,1634,-2.5,0.0
0.0,1635,-2.5,0.0
0.0,1636,-2.5,0.0
0.0,1637,-2.5,0.0
0.0,1638,-2.5,0.0
0.0,1639,-2.5,0.0
0.0,1640,-2.5,0.0
0.0,1641,-2.5,0.0
0.0,1642,-2.5,0.0
0.0,1643,-2.5,0.0
0.0,1644,-2.5,0.0
0.0,1645,-2.5,0.0
0.0,1646,-2.5,0.0
0.0,1647,-2.5,0.0
0.0,1648,-2.5,0.0
0.0,1649,-2.5,0.0
0.0,1650,-2.5,0.0
0.0,1651,-2.5,0.0
0.0,1652,-2.5,0.0
0.0,1653,-2.5,0.0
0.0,1654,-2.5,0.0
0.0,1655,-2.5,0.0
0.0,1656,-2.5,0.0
0.0,1657,-2.5,0.0
0.0,1658,-2.5,0.0
0.0,1659,-2.5,0.0
0.0,1660,-2.5,0.0
0.0,1661,-2.5,0.0
0.0,1662,-2.5,0.0
0.0,1663,-2.5,0.0
0.0,1664,-2.5,0.0
0.0,1665,-2.5,0.0
0.0,1666,-2.5,0.0
0.0,1667,-2.5,0.0
0.0,1668,-2.5,0.0
0.0,1669,-2.5,0.0
0.0,1670,-2.5,0.0
0.0,1671,-2.5,0.0
0.0,1672,-2.5,0.0
0.0,1673,-2.5,0.0
0.0,1674,-2.5,0.0
0.0,1675,-2.5,0.0
0.0,1676,-2.5,0.0
0.0,1677,-2.5,0.0
0.0,1678,-2.5,0.0
0.0,1679,-2.5,0.0
0.0,1680,-2.5,0.0
0.0,1681,-2.5,0.0
0.0,1682,-2.5,0.0
0.0,1683,-2.5,0.0
0.0,1684,-2.5,0.0
0.0,1685,-2.5,0.0
0.0,1686,-2.5,0.0
0.0,1687,-2.5,0.0
0.0,1688,-2.5,0.0
0.0,1689,-2.5,0.0
0.0,1690,-2.5,0.0
0.0,1691,-2.5,0.0
0.0,1692,-2.5,0.0
0.0,1693,-2.5,0.0
0.0,1694,-2.5,0.0
0.0,1695,-2.5,0.0
0.0,1696,-2.5,0.0
0.0,1697,-2.5,0.0
0.0,1698,-2.5,0.0
0.0,1699,-2.5,0.0
0.0,1700,-2.5,0.0
0.0,1701,-2.5,0.0
0.0,1702,-2.5,0.0
0.0,1703,-2.5,0.0
0.0,1704,-2.5,0.0
0.0,1705,-2.5,0.0
0.0,1706,-2.5,0.0
0.0,1707,-2.5,0.0
0.0,1708,-2.5,0.0
0.0,1709,-2.5,0.0
0.0,1710,-2.5,0.0
0.0,1711,-2.5,0.0
0.0,1712,-2.5,0.0
0.0,1713,-2.5,0.0
0.0,1714,-2.5,0.0
0.0,1715,-2.5,0.0
0.0,1716,-2.5,0.0
0.0,1717,-2.5,0.0
0.0,1718,-2.5,0.0
0.0,1719,-2.5,0.0
0.0,1720,-2.5,0.0
0.0,1721,-2.5,0.0
0.0,1722,-2.5,0.0
0.0,1723,-2.5,0.0
0.0,1724,-2.5,0.0
0.0,1725,-2.5,0.0
0.0,1726,-2.5,0.0
0.0,1727,-2.5,0.0
0.0,1728,-2.5,0.0
0.0,1729,-2.5,0.0
0.0,1730,-2.5,0.0
0.0,1731,-2.5,0.0
0.0,1732,-2.5,0.0
0.0,1733,-2.5,0.0
0.0,1734,-2.5,0.0
0.0,1735,-2.5,0.0
0.0,1736,-2.5,0.0
0.0,1737,-2.5,0.0
0.0,1738,-2.5,0.0
0.0,1739,-2.5,0.0
0.0,1740,-2.5,0.0
0.0,1741,-2.5,0.0
0.0,1742,-2.5,0.0
0.0,1743,-2.5,0.0
0.0,1744,-2.5,0.0
0.0,1745,-2.5,0.0
0.0,1746,-2.5,0.0
0.0,1747,-2.5,0.0
0.0,1748,-2.5,0.0
0.0,1749,-2.5,0.0
0.0,1750,-2.5,0.0
0.0,1751,-2.5,0.0
0.0,1752,-2.5,0.0
0.0,1753,-2.5,0.0
0.0,1754,-2.5,0.0
0.0,1755,-2.5,0.0
0.0,1756,-2.5,0.0
0.0,1757,-2.5,0.0
0.0,1758,-2.5,0.0
0.0,1759,-2.5,0.0
0.0,1760,-2.5,0.0
0.0,1761,-2.5,0.0
0.0,1762,-2.5,0.0
0.0,1763,-2.5,0.0
0.0,1764,-2.5,0.0
0.0,1765,-2.5,0.0
0.0,1766,-2.5,0.0
0.0,1767,-2.5,0.0
0.0,1768,-2.5,0.0
0.0,1769,-2.5,0.0
0.0,1770,-2.5,0.0
0.0,1771,-2.5,0.0
0.0,1772,-2.5,0.0
0.0,1773,-2.5,0.0
0.0,1774,-2.5,0.0
0.0,1775,-2.5,0.0
0.0,1776,-2.5,0.0
0.0,1777,-2.5,0.0
0.0,1778,-2.5,0.0
0.0,1779,-2.5,0.0
0.0,1780,-2.5,0.0
0.0,1781,-2.5,0.0
0.0,1782,-2.5,0.0
0.0,1783,-2.5,0.0
0.0,1784,-2.5,0.0
0.0,1785,-2.5,0.0
0.0,1786,-2.5,0.0
0.0,1787,-2.5,0.0
0.0,1788,-2.5,0.0
0.0,1789,-2.5,0.0
0.0,1790,-2.5,0.0
0.0,1791,-2.5,0.0
0.0,1792,-2.5,0.0
0.0,1793,-2.5,0.0
0.0,1794,-2.5,0.0
0.0,1795,-2.5,0.0
0.0,1796,-2.5,0.0
0.0,1797,-2.5,0.0
0.0,1798,-2.5,0.0
0.0,1799,-2.5,0.0
0.0,1800,-2.5,0.0
0.0,1801,-2.5,0.0
0.0,1802,-2.5,0.0
0.0,1803,-2.5,0.0
0.0,1804,-2.5,0.0
0.0,1805,-2.5,0.0
0.0,1806,-2.5,0.0
0.0,1807,-2.5,0.0
0.0,1808,-2.5,0.0
0.0,1809,-2.5,0.0
0.0,1810,-2.5,0.0
0.0,1811,-2.5,0.0
0.0,1812,-2.5,0.0
0.0,1813,-2.5,0.0
0.0,1814,-2.5,0.0
0.0,1815,-2.5,0.0
0.0,1816,-2.5,0.0
0.0,1817,-2.5,0.0
0.0,1818,-2.5,0.0
0.0,1819,-2.5,0.0
0.0,1820,-2.5,0.0
0.0,1821,-2.5,0.0
0.0,1822,-2.5,0.0
0.0,1823,-2.5,0.0
0.0,1824,0.5,51.0
2.3265342712402344,1825,-2.5,0.0
0.0,1826,-2.5,0.0
0.0,1827,-2.5,0.0
0.0,1828,-2.5,0.0
0.0,1829,-2.5,0.0
0.0,1830,-2.5,0.0
0.0,1831,-2.5,0.0
0.0,1832,-2.5,0.0
0.0,1833,-2.5,0.0
0.0,1834,-2.5,0.0
0.0,1835,-2.5,0.0
0.0,1836,-2.5,0.0
0.0,1837,-2.5,0.0
0.0,1838,-2.5,0.0
0.0,1839,-2.5,0.0
0.0,1840,-2.5,0.0
0.0,1841,-2.5,0.0
0.0,1842,-2.5,0.0
0.0,1843,-2.5,0.0
0.0,1844,-2.5,0.0
0.0,1845,-2.5,0.0
0.0,1846,-2.5,0.0
0.0,1847,-2.5,0.0
0.0,1848,-2.5,0.0
0.0,1849,-2.5,0.0
0.0,1850,-2.5,0.0
0.0,1851,-2.5,0.0
0.0,1852,-2.5,0.0
0.0,1853,-2.5,0.0
0.0,1854,-2.5,0.0
0.0,1855,-2.5,0.0
0.0,1856,-2.5,0.0
0.0,1857,-2.5,0.0
0.0,1858,-2.5,0.0
0.0,1859,-2.5,0.0
0.0,1860,-2.5,0.0
0.0,1861,-2.5,0.0
0.0,1862,-2.5,0.0
0.0,1863,-2.5,0.0
0.0,1864,-2.5,0.0
0.0,1865,-2.5,0.0
0.0,1866,-2.5,0.0
0.0,1867,-2.5,0.0
0.0,1868,-2.5,0.0
0.0,1869,-2.5,0.0
0.0,1870,-2.5,0.0
0.0,1871,-2.5,0.0
0.0,1872,-2.5,0.0
0.0,1873,-2.5,0.0
0.0,1874,-2.5,0.0
0.0,1875,-2.5,0.0
0.0,1876,-2.5,0.0
0.0,1877,-2.5,0.0
0.0,1878,-2.5,0.0
0.0,1879,-2.5,0.0
0.0,1880,-2.5,0.0
0.0,1881,-2.5,0.0
0.0,1882,-2.5,0.0
0.0,1883,-2.5,0.0
0.0,1884,-2.5,0.0
0.0,1885,-2.5,0.0
0.0,1886,-2.5,0.0
0.0,1887,-2.5,0.0
0.0,1888,-2.5,0.0
0.0,1889,-2.5,0.0
0.0,1890,-2.5,0.0
0.0,1891,-2.5,0.0
0.0,1892,-2.5,0.0
0.0,1893,-2.5,0.0
0.0,1894,-2.5,0.0
0.0,1895,-2.5,0.0
0.0,1896,-2.5,0.0
0.0,1897,-2.5,0.0
0.0,1898,-2.5,0.0
0.0,1899,-2.5,0.0
0.0,1900,-2.5,0.0
0.0,1901,-2.5,0.0
0.0,1902,-2.5,0.0
0.0,1903,-2.5,0.0
0.0,1904,-2.5,0.0
0.0,1905,-2.5,0.0
0.0,1906,-2.5,0.0
0.0,1907,-2.5,0.0
0.0,1908,-2.5,0.0
0.0,1909,-2.5,0.0
0.0,1910,-2.5,0.0
0.0,1911,-2.5,0.0
0.0,1912,-2.5,0.0
0.0,1913,-2.5,0.0
0.0,1914,-2.5,0.0
0.0,1915,-2.5,0.0
0.0,1916,-2.5,0.0
0.0,1917,-2.5,0.0
0.0,1918,-2.5,0.0
0.0,1919,-2.5,0.0
0.0,1920,-2.5,0.0
0.0,1921,-2.5,0.0
0.0,1922,-2.5,0.0
0.0,1923,-2.5,0.0
0.0,1924,-2.5,0.0
0.0,1925,-2.5,0.0
0.0,1926,-2.5,0.0
0.0,1927,-2.5,0.0
0.0,1928,-2.5,0.0
0.0,1929,-2.5,0.0
0.0,1930,-2.5,0.0
0.0,1931,-2.5,0.0
0.0,1932,-2.5,0.0
0.0,1933,-2.5,0.0
0.0,1934,-2.5,0.0
0.0,1935,-2.5,0.0
0.0,1936,-2.5,0.0
0.0,1937,-2.5,0.0
0.0,1938,-2.5,0.0
0.0,1939,-2.5,0.0
0.0,1940,-2.5,0.0
0.0,1941,-2.5,0.0
0.0,1942,-2.5,0.0
0.0,1943,-2.5,0.0
0.0,1944,-2.5,0.0
0.0,1945,-2.5,0.0
0.0,1946,-2.5,0.0
0.0,1947,-2.5,0.0
0.0,1948,-2.5,0.0
0.0,1949,-2.5,0.0
0.0,1950,-2.5,0.0
0.0,1951,-2.5,0.0
0.0,1952,-2.5,0.0
0.0,1953,-2.5,0.0
0.0,1954,-2.5,0.0
0.0,1955,-2.5,0.0
0.0,1956,-2.5,0.0
0.0,1957,-2.5,0.0
0.0,1958,-2.5,0.0
0.0,1959,-2.5,0.0
0.0,1960,-2.5,0.0
0.0,1961,-2.5,0.0
0.0,1962,-2.5,0.0
0.0,1963,-2.5,0.0
0.0,1964,-2.5,0.0
0.0,1965,-2.5,0.0
0.0,1966,-2.5,0.0
0.0,1967,-2.5,0.0
0.0,1968,-2.5,0.0
0.0,1969,-2.5,0.0
0.0,1970,-2.5,0.0
0.0,1971,-2.5,0.0
0.0,1972,-2.5,0.0
0.0,1973,-2.5,0.0
0.0,1974,-2.5,0.0
0.0,1975,-2.5,0.0
0.0,1976,-2.5,0.0
0.0,1977,-2.5,0.0
0.0,1978,-2.5,0.0
0.0,1979,-2.5,0.0
0.0,1980,-2.5,0.0
0.0,1981,-2.5,0.0
0.0,1982,-2.5,0.0
0.0,1983,-2.5,0.0
0.0,1984,-2.5,0.0
0.0,1985,-2.5,0.0
0.0,1986,-2.5,0.0
0.0,1987,-2.5,0.0
0.0,1988,-2.5,0.0
0.0,1989,-2.5,0.0
0.0,1990,-2.5,0.0
0.0,1991,-2.5,0.0
0.0,1992,-2.5,0.0
0.0,1993,-2.5,0.0
0.0,1994,-2.5,0.0
0.0,1995,-2.5,0.0
0.0,1996,-2.5,0.0
0.0,1997,-2.5,0.0
0.0,1998,-2.5,0.0
0.0,1999,-2.5,0.0
0.0,2000,-2.5,0.0
0.0,2001,-2.5,0.0
0.0,2002,-2.5,0.0
0.0,2003,-2.5,0.0
0.0,2004,-2.5,0.0
0.0,2005,-2.5,0.0
0.0,2006,-2.5,0.0
0.0,2007,-2.5,0.0
0.0,2008,-2.5,0.0
0.0,2009,-2.5,0.0
0.0,2010,-2.5,0.0
0.0,2011,-2.5,0.0
0.0,2012,-2.5,0.0
0.0,2013,-2.5,0.0
0.0,2014,-2.5,0.0
0.0,2015,-2.5,0.0
0.0,2016,-2.5,0.0
0.0,2017,-2.5,0.0
0.0,2018,-2.5,0.0
0.0,2019,-2.5,0.0
0.0,2020,-2.5,0.0
0.0,2021,-2.5,0.0
0.0,2022,-2.5,0.0
0.0,2023,-2.5,0.0
0.0,2024,-2.5,0.0
0.0,2025,-2.5,0.0
0.0,2026,-2.5,0.0
0.0,2027,-2.5,0.0
0.0,2028,-2.5,0.0
0.0,2029,-2.5,0.0
0.0,2030,-2.5,0.0
0.0,2031,-2.5,0.0
0.0,2032,-2.5,0.0
0.0,2033,-2.5,0.0
0.0,2034,-2.5,0.0
0.0,2035,-2.5,0.0
0.0,2036,-2.5,0.0
0.0,2037,-2.5,0.0
0.0,2038,-2.5,0.0
0.0,2039,-2.5,0.0
0.0,2040,-2.5,0.0
0.0,2041,-2.5,0.0
0.0,2042,-2.5,0.0
0.0,2043,-2.5,0.0
0.0,2044,-2.5,0.0
0.0,2045,-2.5,0.0
0.0,2046,-2.5,0.0
0.0,2047,-2.5,0.0
0.0,2048,-2.5,0.0
0.0,2049,-2.5,0.0
0.0,2050,-2.5,0.0
0.0,2051,-2.5,0.0
0.0,2052,-2.5,0.0
0.0,2053,-2.5,0.0
0.0,2054,-2.5,0.0
0.0,2055,-2.5,0.0
0.0,2056,-2.5,0.0
0.0,2057,-2.5,0.0
0.0,2058,-2.5,0.0
0.0,2059,-2.5,0.0
0.0,2060,-2.5,0.0
0.0,2061,-2.5,0.0
0.0,2062,-2.5,0.0
0.0,2063,-2.5,0.0
0.0,2064,-2.5,0.0
0.0,2065,-2.5,0.0
0.0,2066,-2.5,0.0
0.0,2067,-2.5,0.0
0.0,2068,-2.5,0.0
0.0,2069,-2.5,0.0
0.0,2070,-2.5,0.0
0.0,2071,-2.5,0.0
0.0,2072,-2.5,0.0
0.0,2073,-2.5,0.0
0.0,2074,-2.5,0.0
0.0,2075,-2.5,0.0
0.0,2076,-2.5,0.0
0.0,2077,-2.5,0.0
0.0,2078,-2.5,0.0
0.0,2079,-2.5,0.0
0.0,2080,-2.5,0.0
0.0,2081,-2.5,0.0
0.0,2082,-2.5,0.0
0.0,2083,-2.5,0.0
0.0,2084,-2.5,0.0
0.0,2085,-2.5,0.0
0.0,2086,-2.5,0.0
0.0,2087,-2.5,0.0
0.0,2088,-2.5,0.0
0.0,2089,-2.5,0.0
0.0,2090,-2.5,0.0
0.0,2091,-2.5,0.0
0.0,2092,-2.5,0.0
0.0,2093,-2.5,0.0
0.0,2094,-2.5,0.0
0.0,2095,-2.5,0.0
0.0,2096,-2.5,0.0
0.0,2097,-2.5,0.0
0.0,2098,-2.5,0.0
0.0,2099,-2.5,0.0
0.0,2100,-2.5,0.0
0.0,2101,-2.5,0.0
0.0,2102,-2.5,0.0
0.0,2103,-2.5,0.0
0.0,2104,-2.5,0.0
0.0,2105,-2.5,0.0
0.0,2106,-2.5,0.0
0.0,2107,-2.5,0.0
0.0,2108,-2.5,0.0
0.0,2109,-2.5,0.0
0.0,2110,-2.5,0.0
0.0,2111,-2.5,0.0
0.0,2112,-2.5,0.0
0.0,2113,-2.5,0.0
0.0,2114,-2.5,0.0
0.0,2115,-2.5,0.0
0.0,2116,-2.5,0.0
0.0,2117,-2.5,0.0
0.0,2118,-2.5,0.0
0.0,2119,-2.5,0.0
0.0,2120,-2.5,0.0
0.0,2121,-2.5,0.0
0.0,2122,-2.5,0.0
0.0,2123,-2.5,0.0
0.0,2124,-2.5,0.0
0.0,2125,-2.5,0.0
0.0,2126,-2.5,0.0
0.0,2127,-2.5,0.0
0.0,2128,-2.5,0.0
0.0,2129,-2.5,0.0
0.0,2130,-2.5,0.0
0.0,2131,-2.5,0.0
0.0,2132,-2.5,0.0
0.0,2133,-2.5,0.0
0.0,2134,-2.5,0.0
0.0,2135,-2.5,0.0
0.0,2136,-2.5,0.0
0.0,2137,-2.5,0.0
0.0,2138,-2.5,0.0
0.0,2139,-2.5,0.0
0.0,2140,-2.5,0.0
0.0,2141,-2.5,0.0
0.0,2142,-2.5,0.0
0.0,2143,-2.5,0.0
0.0,2144,-2.5,0.0
0.0,2145,-2.5,0.0
0.0,2146,-2.5,0.0
0.0,2147,-2.5,0.0
0.0,2148,-2.5,0.0
0.0,2149,-2.5,0.0
0.0,2150,-2.5,0.0
0.0,2151,-2.5,0.0
0.0,2152,-2.5,0.0
0.0,2153,-2.5,0.0
0.0,2154,-2.5,0.0
0.0,2155,-2.5,0.0
0.0,2156,-2.5,0.0
0.0,2157,-2.5,0.0
0.0,2158,-2.5,0.0
0.0,2159,-2.5,0.0
0.0,2160,-2.5,0.0
0.0,2161,-2.5,0.0
0.0,2162,-2.5,0.0
0.0,2163,-2.5,0.0
0.0,2164,-2.5,0.0
0.0,2165,-2.5,0.0
0.0,2166,-2.5,0.0
0.0,2167,-2.5,0.0
0.0,2168,-2.5,0.0
0.0,2169,-2.5,0.0
0.0,2170,-2.5,0.0
0.0,2171,-2.5,0.0
0.0,2172,-2.5,0.0
0.0,2173,-2.5,0.0
0.0,2174,-2.5,0.0
0.0,2175,-2.5,0.0
0.0,2176,-2.5,0.0
0.0,2177,-2.5,0.0
0.0,2178,-2.5,0.0
0.0,2179,-2.5,0.0
0.0,2180,-2.5,0.0
0.0,2181,-2.5,0.0
0.0,2182,-2.5,0.0
0.0,2183,-2.5,0.0
0.0,2184,-2.5,0.0
0.0,2185,-2.5,0.0
0.0,2186,-2.5,0.0
0.0,2187,0.0,167.5
0.7051485180854797,2188,-2.5,0.0
0.0,2189,-2.5,0.0
0.0,2190,-2.5,0.0
0.0,2191,-2.5,0.0
0.0,2192,-2.5,0.0
0.0,2193,-2.5,0.0
0.0,2194,-2.5,0.0
0.0,2195,-2.5,0.0
0.0,2196,-2.5,0.0
0.0,2197,-2.5,0.0
0.0,2198,-2.5,0.0
0.0,2199,-2.5,0.0
0.0,2200,-2.5,0.0
0.0,2201,-2.5,0.0
0.0,2202,-2.5,0.0
0.0,2203,-2.5,0.0
0.0,2204,-2.5,0.0
0.0,2205,-2.5,0.0
0.0,2206,-2.5,0.0
0.0,2207,-2.5,0.0
0.0,2208,-2.5,0.0
0.0,2209,-2.5,0.0
0.0,2210,-2.5,0.0
0.0,2211,-2.5,0.0
0.0,2212,-2.5,0.0
0.0,2213,-2.5,0.0
0.0,2214,-2.5,0.0
0.0,2215,-2.5,0.0
0.0,2216,-2.5,0.0
0.0,2217,-2.5,0.0
0.0,2218,-2.5,0.0
0.0,2219,-2.5,0.0
0.0,2220,-2.5,0.0
0.0,2221,-2.5,0.0
0.0,2222,-2.5,0.0
0.0,2223,-2.5,0.0
0.0,2224,-2.5,0.0
0.0,2225,-2.5,0.0
0.0,2226,-2.5,0.0
0.0,2227,-2.5,0.0
0.0,2228,-2.5,0.0
0.0,2229,-2.5,0.0
0.0,2230,-2.5,0.0
0.0,2231,-2.5,0.0
0.0,2232,-2.5,0.0
0.0,2233,-2.5,0.0
0.0,2234,-2.5,0.0
0.0,2235,-2.5,0.0
0.0,2236,-2.5,0.0
0.0,2237,-2.5,0.0
0.0,2238,-2.5,0.0
0.0,2239,-2.5,0.0
0.0,2240,-2.5,0.0
0.0,2241,-2.5,0.0
0.0,2242,-2.5,0.0
0.0,2243,-2.5,0.0
0.0,2244,-2.5,0.0
0.0,2245,-2.5,0.0
0.0,2246,-2.5,0.0
0.0,2247,-2.5,0.0
0.0,2248,-2.5,0.0
0.0,2249,-2.5,0.0
0.0,2250,-2.5,0.0
0.0,2251,-2.5,0.0
0.0,2252,-2.5,0.0
0.0,2253,-2.5,0.0
0.0,2254,-2.5,0.0
0.0,2255,-2.5,0.0
0.0,2256,-2.5,0.0
0.0,2257,-2.5,0.0
0.0,2258,-2.5,0.0
0.0,2259,-2.5,0.0
0.0,2260,-2.5,0.0
0.0,2261,-2.5,0.0
0.0,2262,-2.5,0.0
0.0,2263,-2.5,0.0
0.0,2264,-2.5,0.0
0.0,2265,-2.5,0.0
0.0,2266,-2.5,0.0
0.0,2267,-2.5,0.0
0.0,2268,-2.5,0.0
0.0,2269,-2.5,0.0
0.0,2270,-2.5,0.0
0.0,2271,-2.5,0.0
0.0,2272,-2.5,0.0
0.0,2273,-2.5,0.0
0.0,2274,-2.5,0.0
0.0,2275,-2.5,0.0
0.0,2276,-2.5,0.0
0.0,2277,-2.5,0.0
0.0,2278,-2.5,0.0
0.0,2279,-2.5,0.0
0.0,2280,-2.5,0.0
0.0,2281,-2.5,0.0
0.0,2282,-2.5,0.0
0.0,2283,-2.5,0.0
0.0,2284,-2.5,0.0
0.0,2285,-2.5,0.0
0.0,2286,-2.5,0.0
0.0,2287,-2.5,0.0
0.0,2288,-2.5,0.0
0.0,2289,-2.5,0.0
0.0,2290,-2.5,0.0
0.0,2291,-2.5,0.0
0.0,2292,-2.5,0.0
0.0,2293,-2.5,0.0
0.0,2294,-2.5,0.0
0.0,2295,-2.5,0.0
0.0,2296,-2.5,0.0
0.0,2297,-2.5,0.0
0.0,2298,-2.5,0.0
0.0,2299,-2.5,0.0
0.0,2300,-2.5,0.0
0.0,2301,-2.5,0.0
0.0,2302,-2.5,0.0
0.0,2303,-2.5,0.0
0.0,2304,-2.5,0.0
0.0,2305,-2.5,0.0
0.0,2306,-2.5,0.0
0.0,2307,-2.5,0.0
0.0,2308,-2.5,0.0
0.0,2309,-2.5,0.0
0.0,2310,-2.5,0.0
0.0,2311,-2.5,0.0
0.0,2312,-2.5,0.0
0.0,2313,-2.5,0.0
0.0,2314,-2.5,0.0
0.0,2315,-2.5,0.0
0.0,2316,-2.5,0.0
0.0,2317,-2.5,0.0
0.0,2318,-2.5,0.0
0.0,2319,-2.5,0.0
0.0,2320,-2.5,0.0
0.0,2321,-2.5,0.0
0.0,2322,-2.5,0.0
0.0,2323,-2.5,0.0
0.0,2324,-2.5,0.0
0.0,2325,-2.5,0.0
0.0,2326,-2.5,0.0
0.0,2327,-2.5,0.0
0.0,2328,-2.5,0.0
0.0,2329,-2.5,0.0
0.0,2330,-2.5,0.0
0.0,2331,-2.5,0.0
0.0,2332,-2.5,0.0
0.0,2333,-2.5,0.0
0.0,2334,-2.5,0.0
0.0,2335,-2.5,0.0
0.0,2336,-2.5,0.0
0.0,2337,-2.5,0.0
0.0,2338,-2.5,0.0
0.0,2339,-2.5,0.0
0.0,2340,-2.5,0.0
0.0,2341,-2.5,0.0
0.0,2342,-2.5,0.0
0.0,2343,-2.5,0.0
0.0,2344,-2.5,0.0
0.0,2345,-2.5,0.0
0.0,2346,-2.5,0.0
0.0,2347,-2.5,0.0
0.0,2348,-2.5,0.0
0.0,2349,-2.5,0.0
0.0,2350,-2.5,0.0
0.0,2351,-2.5,0.0
0.0,2352,-2.5,0.0
0.0,2353,-2.5,0.0
0.0,2354,-2.5,0.0
0.0,2355,-2.5,0.0
0.0,2356,-2.5,0.0
0.0,2357,-2.5,0.0
0.0,2358,-2.5,0.0
0.0,2359,-2.5,0.0
0.0,2360,-2.5,0.0
0.0,2361,-2.5,0.0
0.0,2362,-2.5,0.0
0.0,2363,-2.5,0.0
0.0,2364,-2.5,0.0
0.0,2365,-2.5,0.0
0.0,2366,-2.5,0.0
0.0,2367,-2.5,0.0
0.0,2368,-2.5,0.0
0.0,2369,-2.5,0.0
0.0,2370,-2.5,0.0
0.0,2371,-2.5,0.0
0.0,2372,-2.5,0.0
0.0,2373,-2.5,0.0
0.0,2374,-2.5,0.0
0.0,2375,-2.5,0.0
0.0,2376,-2.5,0.0
0.0,2377,-2.5,0.0
0.0,2378,-2.5,0.0
0.0,2379,-2.5,0.0
0.0,2380,-2.5,0.0
0.0,2381,-2.5,0.0
0.0,2382,-2.5,0.0
0.0,2383,-2.5,0.0
0.0,2384,-2.5,0.0
0.0,2385,-2.5,0.0
0.0,2386,-2.5,0.0
0.0,2387,-2.5,0.0
0.0,2388,-2.5,0.0
0.0,2389,-2.5,0.0
0.0,2390,-2.5,0.0
0.0,2391,-2.5,0.0
0.0,2392,-2.5,0.0
0.0,2393,-2.5,0.0
0.0,2394,-2.5,0.0
0.0,2395,-2.5,0.0
0.0,2396,-2.5,0.0
0.0,2397,-2.5,0.0
0.0,2398,-2.5,0.0
0.0,2399,-2.5,0.0
0.0,2400,-2.5,0.0
0.0,2401,-2.5,0.0
0.0,2402,-2.5,0.0
0.0,2403,-2.5,0.0
0.0,2404,-2.5,0.0
0.0,2405,-2.5,0.0
0.0,2406,-2.5,0.0
0.0,2407,-2.5,0.0
0.0,2408,-2.5,0.0
0.0,2409,-2.5,0.0
0.0,2410,-2.5,0.0
0.0,2411,-2.5,0.0
0.0,2412,-2.5,0.0
0.0,2413,-2.5,0.0
0.0,2414,-2.5,0.0
0.0,2415,-2.5,0.0
0.0,2416,-2.5,0.0
0.0,2417,-2.5,0.0
0.0,2418,-2.5,0.0
0.0,2419,-2.5,0.0
0.0,2420,-2.5,0.0
0.0,2421,-2.5,0.0
0.0,2422,-2.5,0.0
0.0,2423,-2.5,0.0
0.0,2424,-2.5,0.0
0.0,2425,-2.5,0.0
0.0,2426,-2.5,0.0
0.0,2427,-2.5,0.0
0.0,2428,-2.5,0.0
0.0,2429,-2.5,0.0
0.0,2430,-2.5,0.0
0.0,2431,-2.5,0.0
0.0,2432,-2.5,0.0
0.0,2433,-2.5,0.0
0.0,2434,-2.5,0.0
0.0,2435,-2.5,0.0
0.0,2436,-2.5,0.0
0.0,2437,-2.5,0.0
0.0,2438,-2.5,0.0
0.0,2439,-2.5,0.0
0.0,2440,-2.5,0.0
0.0,2441,-2.5,0.0
0.0,2442,-2.5,0.0
0.0,2443,-2.5,0.0
0.0,2444,-2.5,0.0
0.0,2445,-2.5,0.0
0.0,2446,-2.5,0.0
0.0,2447,-2.5,0.0
0.0,2448,-2.5,0.0
0.0,2449,-2.5,0.0
0.0,2450,-2.5,0.0
0.0,2451,-2.5,0.0
0.0,2452,-2.5,0.0
0.0,2453,-2.5,0.0
0.0,2454,-2.5,0.0
0.0,2455,-2.5,0.0
0.0,2456,-2.5,0.0
0.0,2457,-2.5,0.0
0.0,2458,-2.5,0.0
0.0,2459,-2.5,0.0
0.0,2460,-2.5,0.0
0.0,2461,-2.5,0.0
0.0,2462,-2.5,0.0
0.0,2463,-2.5,0.0
0.0,2464,-2.5,0.0
0.0,2465,-2.5,0.0
0.0,2466,-2.5,0.0
0.0,2467,-2.5,0.0
0.0,2468,-2.5,0.0
0.0,2469,-2.5,0.0
0.0,2470,-2.5,0.0
0.0,2471,-2.5,0.0
0.0,2472,-2.5,0.0
0.0,2473,-2.5,0.0
0.0,2474,-2.5,0.0
0.0,2475,-2.5,0.0
0.0,2476,-2.5,0.0
0.0,2477,-2.5,0.0
0.0,2478,-2.5,0.0
0.0,2479,-2.5,0.0
0.0,2480,-2.5,0.0
0.0,2481,-2.5,0.0
0.0,2482,-2.5,0.0
0.0,2483,-2.5,0.0
0.0,2484,-2.5,0.0
0.0,2485,-2.5,0.0
0.0,2486,-2.5,0.0
0.0,2487,-2.5,0.0
0.0,2488,-2.5,0.0
0.0,2489,-2.5,0.0
0.0,2490,-2.5,0.0
0.0,2491,-2.5,0.0
0.0,2492,-2.5,0.0
0.0,2493,-2.5,0.0
0.0,2494,-2.5,0.0
0.0,2495,-2.5,0.0
0.0,2496,-2.5,0.0
0.0,2497,-2.5,0.0
0.0,2498,-2.5,0.0
0.0,2499,-2.5,0.0
0.0,2500,-2.5,0.0
0.0,2501,-2.5,0.0
0.0,2502,-2.5,0.0
0.0,2503,-2.5,0.0
0.0,2504,-2.5,0.0
0.0,2505,-2.5,0.0
0.0,2506,-2.5,0.0
0.0,2507,-2.5,0.0
0.0,2508,-2.5,0.0
0.0,2509,-2.5,0.0
0.0,2510,-2.5,0.0
0.0,2511,-2.5,0.0
0.0,2512,-2.5,0.0
0.0,2513,-2.5,0.0
0.0,2514,-2.5,0.0
0.0,2515,-2.5,0.0
0.0,2516,-2.5,0.0
0.0,2517,-2.5,0.0
0.0,2518,-2.5,0.0
0.0,2519,-2.5,0.0
0.0,2520,-2.5,1.0
36.85298156738281,2521,-2.5,0.0
0.0,2522,-2.5,0.0
0.0,2523,-2.5,0.0
0.0,2524,-2.5,0.0
0.0,2525,-2.5,0.0
0.0,2526,-2.5,0.0
0.0,2527,-2.5,0.0
0.0,2528,-2.5,0.0
0.0,2529,-2.5,0.0
0.0,2530,-2.5,0.0
0.0,2531,-2.5,0.0
0.0,2532,-2.5,0.0
0.0,2533,-2.5,0.0
0.0,2534,-2.5,0.0
0.0,2535,-2.5,0.0
0.0,2536,-2.5,0.0
0.0,2537,-2.5,0.0
0.0,2538,-2.5,0.0
0.0,2539,-2.5,0.0
0.0,2540,-2.5,0.0
0.0,2541,-2.5,0.0
0.0,2542,-2.5,0.0
0.0,2543,-2.5,0.0
0.0,2544,-2.5,0.0
0.0,2545,-2.5,0.0
0.0,2546,-2.5,0.0
0.0,2547,-2.5,0.0
0.0,2548,-2.5,0.0
0.0,2549,-2.5,0.0
0.0,2550,-2.5,0.0
0.0,2551,-2.5,0.0
0.0,2552,-2.5,0.0
0.0,2553,-2.5,0.0
0.0,2554,-2.5,0.0
0.0,2555,-2.5,0.0
0.0,2556,-2.5,0.0
0.0,2557,-2.5,0.0
0.0,2558,-2.5,0.0
0.0,2559,-2.5,0.0
0.0,2560,-2.5,0.0
0.0,2561,-2.5,0.0
0.0,2562,-2.5,0.0
0.0,2563,-2.5,0.0
0.0,2564,-2.5,0.0
0.0,2565,-2.5,0.0
0.0,2566,-2.5,0.0
0.0,2567,-2.5,0.0
0.0,2568,-2.5,0.0
0.0,2569,-2.5,0.0
0.0,2570,-2.5,0.0
0.0,2571,-2.5,0.0
0.0,2572,-2.5,0.0
0.0,2573,-2.5,0.0
0.0,2574,-2.5,0.0
0.0,2575,-2.5,0.0
0.0,2576,-2.5,0.0
0.0,2577,-2.5,0.0
0.0,2578,-2.5,0.0
0.0,2579,-2.5,0.0
0.0,2580,-2.5,0.0
0.0,2581,-2.5,0.0
0.0,2582,-2.5,0.0
0.0,2583,-2.5,0.0
0.0,2584,-2.5,0.0
0.0,2585,-2.5,0.0
0.0,2586,-2.5,0.0
0.0,2587,-2.5,0.0
0.0,2588,-2.5,0.0
0.0,2589,-2.5,0.0
0.0,2590,-2.5,0.0
0.0,2591,-2.5,0.0
0.0,2592,-2.5,0.0
0.0,2593,-2.5,0.0
0.0,2594,-2.5,0.0
0.0,2595,-2.5,0.0
0.0,2596,-2.5,0.0
0.0,2597,-2.5,0.0
0.0,2598,-2.5,0.0
0.0,2599,-2.5,0.0
0.0,2600,-2.5,0.0
0.0,2601,-2.5,0.0
0.0,2602,-2.5,0.0
0.0,2603,-2.5,0.0
0.0,2604,-2.5,0.0
0.0,2605,-2.5,0.0
0.0,2606,-2.5,0.0
0.0,2607,-2.5,0.0
0.0,2608,-2.5,0.0
0.0,2609,-2.5,0.0
0.0,2610,-2.5,0.0
0.0,2611,-2.5,0.0
0.0,2612,-2.5,0.0
0.0,2613,-2.5,0.0
0.0,2614,-2.5,0.0
0.0,2615,-2.5,0.0
0.0,2616,-2.5,0.0
0.0,2617,-2.5,0.0
0.0,2618,-2.5,0.0
0.0,2619,-2.5,0.0
0.0,2620,-2.5,0.0
0.0,2621,-2.5,0.0
0.0,2622,-2.5,0.0
0.0,2623,-2.5,0.0
0.0,2624,-2.5,0.0
0.0,2625,-2.5,0.0
0.0,2626,-2.5,0.0
0.0,2627,-2.5,0.0
0.0,2628,-2.5,0.0
0.0,2629,-2.5,0.0
0.0,2630,-2.5,0.0
0.0,2631,-2.5,0.0
0.0,2632,-2.5,0.0
0.0,2633,-2.5,0.0
0.0,2634,-2.5,0.0
0.0,2635,-2.5,0.0
0.0,2636,-2.5,0.0
0.0,2637,-2.5,0.0
0.0,2638,-2.5,0.0
0.0,2639,-2.5,0.0
0.0,2640,-2.5,0.0
0.0,2641,-2.5,0.0
0.0,2642,-2.5,0.0
0.0,2643,-2.5,0.0
0.0,2644,-2.5,0.0
0.0,2645,-2.5,0.0
0.0,2646,-2.5,0.0
0.0,2647,-2.5,0.0
0.0,2648,-2.5,0.0
0.0,2649,-2.5,0.0
0.0,2650,-2.5,0.0
0.0,2651,-2.5,0.0
0.0,2652,-2.5,0.0
0.0,2653,-2.5,0.0
0.0,2654,-2.5,0.0
0.0,2655,-2.5,0.0
0.0,2656,-2.5,0.0
0.0,2657,-2.5,0.0
0.0,2658,-2.5,0.0
0.0,2659,-2.5,0.0
0.0,2660,-2.5,0.0
0.0,2661,-2.5,0.0
0.0,2662,-2.5,0.0
0.0,2663,-2.5,0.0
0.0,2664,-2.5,0.0
0.0,2665,-2.5,0.0
0.0,2666,-2.5,0.0
0.0,2667,-2.5,0.0
0.0,2668,-2.5,0.0
0.0,2669,-2.5,0.0
0.0,2670,-2.5,0.0
0.0,2671,-2.5,0.0
0.0,2672,-2.5,0.0
0.0,2673,-2.5,0.0
0.0,2674,-2.5,0.0
0.0,2675,-2.5,0.0
0.0,2676,-2.5,0.0
0.0,2677,-2.5,0.0
0.0,2678,-2.5,0.0
0.0,2679,-2.5,0.0
0.0,2680,-2.5,0.0
0.0,2681,-2.5,0.0
0.0,2682,-2.5,0.0
0.0,2683,-2.5,0.0
0.0,2684,-2.5,0.0
0.0,2685,-2.5,0.0
0.0,2686,-2.5,0.0
0.0,2687,-2.5,0.0
0.0,2688,-2.5,0.0
0.0,2689,-2.5,0.0
0.0,2690,-2.5,0.0
0.0,2691,-2.5,0.0
0.0,2692,-2.5,0.0
0.0,2693,-2.5,0.0
0.0,2694,-2.5,0.0
0.0,2695,-2.5,0.0
0.0,2696,-2.5,0.0
0.0,2697,-2.5,0.0
0.0,2698,-2.5,0.0
0.0,2699,-2.5,0.0
0.0,2700,-2.5,0.0
0.0,2701,-2.5,0.0
0.0,2702,-2.5,0.0
0.0,2703,-2.5,0.0
0.0,2704,-2.5,0.0
0.0,2705,-2.5,0.0
0.0,2706,-2.5,0.0
0.0,2707,-2.5,0.0
0.0,2708,-2.5,0.0
0.0,2709,-2.5,0.0
0.0,2710,-2.5,0.0
0.0,2711,-2.5,0.0
0.0,2712,-2.5,0.0
0.0,2713,-2.5,0.0
0.0,2714,-2.5,0.0
0.0,2715,-2.5,0.0
0.0,2716,-2.5,0.0
0.0,2717,-2.5,0.0
0.0,2718,-2.5,0.0
0.0,2719,-2.5,0.0
0.0,2720,-2.5,0.0
0.0,2721,-2.5,0.0
0.0,2722,-2.5,0.0
0.0,2723,-2.5,0.0
0.0,2724,-2.5,0.0
0.0,2725,-2.5,0.0
0.0,2726,-2.5,0.0
0.0,2727,-2.5,0.0
0.0,2728,-2.5,0.0
0.0,2729,-2.5,0.0
0.0,2730,-2.5,0.0
0.0,2731,-2.5,0.0
0.0,2732,-2.5,0.0
0.0,2733,-2.5,0.0
0.0,2734,-2.5,0.0
0.0,2735,-2.5,0.0
0.0,2736,-2.5,0.0
0.0,2737,-2.5,0.0
0.0,2738,-2.5,0.0
0.0,2739,-2.5,0.0
0.0,2740,-2.5,0.0
0.0,2741,-2.5,0.0
0.0,2742,-2.5,0.0
0.0,2743,-2.5,0.0
0.0,2744,-2.5,0.0
0.0,2745,-2.5,0.0
0.0,2746,-2.5,0.0
0.0,2747,-2.5,0.0
0.0,2748,-2.5,0.0
0.0,2749,-2.5,0.0
0.0,2750,-2.5,0.0
0.0,2751,-2.5,0.0
0.0,2752,-2.5,0.0
0.0,2753,-2.5,0.0
0.0,2754,-2.5,0.0
0.0,2755,-2.5,0.0
0.0,2756,-2.5,0.0
0.0,2757,-2.5,0.0
0.0,2758,-2.5,0.0
0.0,2759,-2.5,0.0
0.0,2760,-2.5,0.0
0.0,2761,-2.5,0.0
0.0,2762,-2.5,0.0
0.0,2763,-2.5,0.0
0.0,2764,-2.5,0.0
0.0,2765,-2.5,0.0
0.0,2766,-2.5,0.0
0.0,2767,-2.5,0.0
0.0,2768,-2.5,0.0
0.0,2769,-2.5,0.0
0.0,2770,-2.5,0.0
0.0,2771,-2.5,0.0
0.0,2772,-2.5,0.0
0.0,2773,-2.5,0.0
0.0,2774,-2.5,0.0
0.0,2775,-2.5,0.0
0.0,2776,-2.5,0.0
0.0,2777,-2.5,0.0
0.0,2778,-2.5,0.0
0.0,2779,-2.5,0.0
0.0,2780,-2.5,0.0
0.0,2781,-2.5,0.0
0.0,2782,-2.5,0.0
0.0,2783,-2.5,0.0
0.0,2784,-2.5,0.0
0.0,2785,-2.5,0.0
0.0,2786,-2.5,0.0
0.0,2787,-2.5,0.0
0.0,2788,-2.5,0.0
0.0,2789,-2.5,0.0
0.0,2790,-2.5,0.0
0.0,2791,-2.5,0.0
0.0,2792,-2.5,0.0
0.0,2793,-2.5,0.0
0.0,2794,-2.5,0.0
0.0,2795,-2.5,0.0
0.0,2796,-2.5,0.0
0.0,2797,-2.5,0.0
0.0,2798,-2.5,0.0
0.0,2799,-2.5,0.0
0.0,2800,-2.5,0.0
0.0,2801,-2.5,0.0
0.0,2802,-2.5,0.0
0.0,2803,-2.5,0.0
0.0,2804,-2.5,0.0
0.0,2805,-2.5,0.0
0.0,2806,-2.5,0.0
0.0,2807,-2.5,0.0
0.0,2808,-2.5,0.0
0.0,2809,-2.5,0.0
0.0,2810,-2.5,0.0
0.0,2811,-2.5,0.0
0.0,2812,-2.5,0.0
0.0,2813,-2.5,0.0
0.0,2814,-2.5,0.0
0.0,2815,-2.5,0.0
0.0,2816,-2.5,0.0
0.0,2817,-2.5,0.0
0.0,2818,-2.5,0.0
0.0,2819,-2.5,0.0
0.0,2820,-2.5,0.0
0.0,2821,-2.5,0.0
0.0,2822,-2.5,0.0
0.0,2823,-2.5,0.0
0.0,2824,-2.5,0.0
0.0,2825,-2.5,0.0
0.0,2826,-2.5,0.0
0.0,2827,-2.5,0.0
0.0,2828,-2.5,0.0
0.0,2829,-2.5,0.0
0.0,2830,-2.5,0.0
0.0,2831,-2.5,0.0
0.0,2832,-2.5,0.0
0.0,2833,-2.5,0.0
0.0,2834,-2.5,0.0
0.0,2835,-2.5,0.0
0.0,2836,-2.5,0.0
0.0,2837,-2.5,0.0
0.0,2838,-2.5,0.0
0.0,2839,-2.5,0.0
0.0,2840,-2.5,0.0
0.0,2841,-2.5,0.0
0.0,2842,-2.5,0.0
0.0,2843,-2.5,0.0
0.0,2844,-2.5,0.0
0.0,2845,-2.5,0.0
0.0,2846,-2.5,0.0
0.0,2847,-2.5,0.0
0.0,2848,-2.5,0.0
0.0,2849,-2.5,0.0
0.0,2850,-2.5,0.0
0.0,2851,-2.5,0.0
0.0,2852,-2.5,0.0
0.0,2853,-2.5,0.0
0.0,2854,-2.5,0.0
0.0,2855,-2.5,0.0
0.0,2856,-2.5,0.0
0.0,2857,-2.5,0.0
0.0,2858,-2.5,0.0
0.0,2859,-2.5,0.0
0.0,2860,-2.5,0.0
0.0,2861,-2.5,0.0
0.0,2862,-2.5,0.0
0.0,2863,-2.5,0.0
0.0,2864,-2.5,0.0
0.0,2865,-2.5,0.0
0.0,2866,-2.5,0.0
0.0,2867,-2.5,0.0
0.0,2868,-2.5,0.0
0.0,2869,-2.5,0.0
0.0,2870,-2.5,0.0
0.0,2871,-2.5,0.0
0.0,2872,-2.5,0.0
0.0,2873,-2.5,0.0
0.0,2874,-2.5,0.0
0.0,2875,-2.5,0.0
0.0,2876,-2.5,0.0
0.0,2877,-2.5,0.0
0.0,2878,-2.5,0.0
0.0,2879,-2.5,0.0
0.0,2880,-2.5,0.0
0.0,2881,-2.5,0.0
0.0,2882,-2.5,0.0
0.0,2883,-2.5,0.0
0.0,2884,-2.5,0.0
0.0,2885,-2.5,0.0
0.0,2886,-2.5,0.0
0.0,2887,-2.5,0.0
0.0,2888,-2.5,0.0
0.0,2889,-2.5,0.0
0.0,2890,-2.5,0.0
0.0,2891,-2.5,0.0
0.0,2892,-2.5,0.0
0.0,2893,-2.5,0.0
0.0,2894,-2.5,0.0
0.0,2895,-2.5,0.0
0.0,2896,-2.5,0.0
0.0,2897,-2.5,0.0
0.0,2898,-2.5,0.0
0.0,2899,-2.5,0.0
0.0,2900,-2.5,0.0
0.0,2901,-2.5,0.0
0.0,2902,-2.5,0.0
0.0,2903,-2.5,0.0
0.0,2904,-2.5,0.0
0.0,2905,-2.5,0.0
0.0,2906,-2.5,0.0
0.0,2907,-2.5,0.0
0.0,2908,-2.5,0.0
0.0,2909,-2.5,0.0
0.0,2910,-2.5,0.0
0.0,2911,-2.5,0.0
0.0,2912,-2.5,0.0
0.0,2913,-2.5,0.0
0.0,2914,-2.5,0.0
0.0,2915,-2.5,0.0
0.0,2916,-2.5,0.0
0.0,2917,-2.5,0.0
0.0,2918,-2.5,0.0
0.0,2919,-2.5,0.0
0.0,2920,-2.5,0.0
0.0,2921,-2.5,0.0
0.0,2922,-2.5,0.0
0.0,2923,-2.5,0.0
0.0,2924,-2.5,0.0
0.0,2925,-2.5,0.0
0.0,2926,-2.5,0.0
0.0,2927,-2.5,0.0
0.0,2928,-2.5,0.0
0.0,2929,-2.5,0.0
0.0,2930,-2.5,0.0
0.0,2931,-2.5,0.0
0.0,2932,-2.5,0.0
0.0,2933,-2.5,0.0
0.0,2934,-2.5,0.0
0.0,2935,-2.5,0.0
0.0,2936,-2.5,0.0
0.0,2937,-2.5,0.0
0.0,2938,-2.5,0.0
0.0,2939,-2.5,0.0
0.0,2940,-2.5,0.0
0.0,2941,-2.5,0.0
0.0,2942,-2.5,0.0
0.0,2943,-2.5,0.0
0.0,2944,-2.5,0.0
0.0,2945,-2.5,0.0
0.0,2946,-2.5,0.0
0.0,2947,-2.5,0.0
0.0,2948,-2.5,0.0
0.0,2949,-2.5,0.0
0.0,2950,-2.5,0.0
0.0,2951,-2.5,0.0
0.0,2952,-2.5,0.0
0.0,2953,-2.5,0.0
0.0,2954,-2.5,0.0
0.0,2955,-2.5,0.0
0.0,2956,-2.5,0.0
0.0,2957,-2.5,0.0
0.0,2958,-2.5,0.0
0.0,2959,-2.5,0.0
0.0,2960,-2.5,0.0
0.0,2961,-2.5,0.0
0.0,2962,-2.5,0.0
0.0,2963,-2.5,0.0
0.0,2964,-2.5,0.0
0.0,2965,-2.5,0.0
0.0,2966,-2.5,0.0
0.0,2967,-2.5,0.0
0.0,2968,-2.5,0.0
0.0,2969,-2.5,0.0
0.0,2970,-2.5,0.0
0.0,2971,-2.5,0.0
0.0,2972,-2.5,0.0
0.0,2973,-2.5,0.0
0.0,2974,-2.5,0.0
0.0,2975,-2.5,0.0
0.0,2976,-2.5,0.0
0.0,2977,-2.5,0.0
0.0,2978,-2.5,0.0
0.0,2979,-2.5,0.0
0.0,2980,-2.5,0.0
0.0,2981,-2.5,0.0
0.0,2982,-2.5,0.0
0.0,2983,-2.5,0.0
0.0,2984,-2.5,0.0
0.0,2985,-2.5,0.0
0.0,2986,-2.5,0.0
0.0,2987,-2.5,0.0
0.0,2988,-2.5,0.0
0.0,2989,-2.5,0.0
0.0,2990,-2.5,0.0
0.0,2991,-2.5,0.0
0.0,2992,-2.5,0.0
0.0,2993,-2.5,0.0
0.0,2994,-2.5,0.0
0.0,2995,-2.5,0.0
0.0,2996,-2.5,0.0
0.0,2997,-2.5,0.0
0.0,2998,-2.5,0.0
0.0,2999,-2.5,0.0
0.0,3000,-2.5,0.0
0.0,3001,-2.5,0.0
0.0,3002,-2.5,0.0
0.0,3003,-2.5,0.0
0.0,3004,-2.5,0.0
0.0,3005,-2.5,0.0
0.0,3006,-2.5,0.0
0.0,3007,-2.5,0.0
0.0,3008,-2.5,0.0
0.0,3009,-2.5,0.0
0.0,3010,-2.5,0.0
0.0,3011,-2.5,0.0
0.0,3012,-2.5,0.0
0.0,3013,-2.5,0.0
0.0,3014,-2.5,0.0
0.0,3015,-2.5,0.0
0.0,3016,-2.5,0.0
0.0,3017,-2.5,0.0
0.0,3018,-2.5,0.0
0.0,3019,-2.5,0.0
0.0,3020,-2.5,0.0
0.0,3021,-2.5,0.0
0.0,3022,-2.5,0.0
0.0,3023,-2.5,0.0
0.0,3024,-2.5,0.0
0.0,3025,-2.5,0.0
0.0,3026,-2.5,0.0
0.0,3027,-2.5,0.0
0.0,3028,-2.5,0.0
0.0,3029,-2.5,0.0
0.0,3030,-2.5,0.0
0.0,3031,-2.5,0.0
0.0,3032,-2.5,0.0
0.0,3033,-2.5,0.0
0.0,3034,-2.5,0.0
0.0,3035,-2.5,0.0
0.0,3036,-2.5,0.0
0.0,3037,-2.5,0.0
0.0,3038,-2.5,0.0
0.0,3039,-2.5,0.0
0.0,3040,-2.5,0.0
0.0,3041,-2.5,0.0
0.0,3042,-2.5,0.0
0.0,3043,-2.5,0.0
0.0,3044,-2.5,0.0
0.0,3045,-2.5,0.0
0.0,3046,-2.5,0.0
0.0,3047,-2.5,0.0
0.0,3048,-2.5,0.0
0.0,3049,-2.5,0.0
0.0,3050,-2.5,0.0
0.0,3051,-2.5,0.0
0.0,3052,-2.5,0.0
0.0,3053,-2.5,0.0
0.0,3054,-2.5,0.0
0.0,3055,-2.5,0.0
0.0,3056,-2.5,0.0
0.0,3057,-2.5,0.0
0.0,3058,-2.5,0.0
0.0,3059,-2.5,0.0
0.0,3060,-2.5,0.0
0.0,3061,-2.5,0.0
0.0,3062,-2.5,0.0
0.0,3063,-2.5,0.0
0.0,3064,-2.5,0.0
0.0,3065,-2.5,0.0
0.0,3066,-2.5,0.0
0.0,3067,-2.5,0.0
0.0,3068,-2.5,0.0
0.0,3069,-2.5,0.0
0.0,3070,-2.5,0.0
0.0,3071,-2.5,0.0
0.0,3072,-2.5,0.0
0.0,3073,-2.5,0.0
0.0,3074,-2.5,0.0
0.0,3075,-2.5,0.0
0.0,3076,-2.5,0.0
0.0,3077,-2.5,0.0
0.0,3078,-2.5,0.0
0.0,3079,-2.5,0.0
0.0,3080,-2.5,0.0
0.0,3081,-2.5,0.0
0.0,3082,-2.5,0.0
0.0,3083,-2.5,0.0
0.0,3084,-2.5,0.0
0.0,3085,-2.5,0.0
0.0,3086,-2.5,0.0
0.0,3087,-2.5,0.0
0.0,3088,-2.5,0.0
0.0,3089,-2.5,0.0
0.0,3090,-2.5,0.0
0.0,3091,-2.5,0.0
0.0,3092,-2.5,0.0
0.0,3093,-2.5,0.0
0.0,3094,-2.5,0.0
0.0,3095,-2.5,0.0
0.0,3096,-2.5,0.0
0.0,3097,-2.5,0.0
0.0,3098,-2.5,0.0
0.0,3099,-2.5,0.0
0.0,3100,-2.5,0.0
0.0,3101,-2.5,0.0
0.0,3102,-2.5,0.0
0.0,3103,-2.5,0.0
0.0,3104,-2.5,0.0
0.0,3105,-2.5,0.0
0.0,3106,-2.5,0.0
0.0,3107,-2.5,0.0
0.0,3108,-2.5,0.0
0.0,3109,-2.5,0.0
0.0,3110,-2.5,0.0
0.0,3111,-2.5,0.0
0.0,3112,-2.5,0.0
0.0,3113,-2.5,0.0
0.0,3114,-2.5,0.0
0.0,3115,-2.5,0.0
0.0,3116,-2.5,0.0
0.0,3117,-2.5,0.0
0.0,3118,-2.5,0.0
0.0,3119,-2.5,0.0
0.0,3120,-2.5,0.0
0.0,3121,-2.5,0.0
0.0,3122,-2.5,0.0
0.0,3123,-2.5,0.0
0.0,3124,-2.5,0.0
0.0,3125,-2.5,0.0
0.0,3126,-2.5,0.0
0.0,3127,-2.5,0.0
0.0,3128,-2.5,0.0
0.0,3129,-2.5,0.0
0.0,3130,-2.5,0.0
0.0,3131,-2.5,0.0
0.0,3132,-2.5,0.0
0.0,3133,-2.5,0.0
0.0,3134,-2.5,0.0
0.0,3135,-2.5,0.0
0.0,3136,-2.5,0.0
0.0,3137,-2.5,0.0
0.0,3138,-2.5,0.0
0.0,3139,-2.5,0.0
0.0,3140,-2.5,0.0
0.0,3141,-2.5,0.0
0.0,3142,-2.5,0.0
0.0,3143,-2.5,0.0
0.0,3144,-2.5,0.0
0.0,3145,-2.5,0.0
0.0,3146,-2.5,0.0
0.0,3147,-2.5,0.0
0.0,3148,-2.5,0.0
0.0,3149,-2.5,0.0
0.0,3150,-2.5,0.0
0.0,3151,-2.5,0.0
0.0,3152,-2.5,0.0
0.0,3153,-2.5,0.0
0.0,3154,-2.5,0.0
0.0,3155,-2.5,0.0
0.0,3156,-2.5,0.0
0.0,3157,-2.5,0.0
0.0,3158,-2.5,0.0
0.0,3159,-2.5,0.0
0.0,3160,-2.5,0.0
0.0,3161,-2.5,0.0
0.0,3162,-2.5,0.0
0.0,3163,-2.5,0.0
0.0,3164,-2.5,0.0
0.0,3165,-2.5,0.0
0.0,3166,-2.5,0.0
0.0,3167,-2.5,0.0
0.0,3168,-2.5,0.0
0.0,3169,-2.5,0.0
0.0,3170,-2.5,0.0
0.0,3171,-2.5,0.0
0.0,3172,-2.5,0.0
0.0,3173,-2.5,0.0
0.0,3174,-2.5,0.0
0.0,3175,-2.5,0.0
0.0,3176,-2.5,0.0
0.0,3177,-2.5,0.0
0.0,3178,-2.5,0.0
0.0,3179,-2.5,0.0
0.0,3180,-2.5,0.0
0.0,3181,-2.5,0.0
0.0,3182,-2.5,0.0
0.0,3183,-2.5,0.0
0.0,3184,-2.5,0.0
0.0,3185,-2.5,0.0
0.0,3186,-2.5,0.0
0.0,3187,-2.5,0.0
0.0,3188,-2.5,0.0
0.0,3189,-2.5,0.0
0.0,3190,-2.5,0.0
0.0,3191,-2.5,0.0
0.0,3192,-2.5,0.0
0.0,3193,-2.5,0.0
0.0,3194,-2.5,0.0
0.0,3195,-2.5,0.0
0.0,3196,-2.5,0.0
0.0,3197,-2.5,0.0
0.0,3198,-2.5,0.0
0.0,3199,-2.5,0.0
0.0,3200,-2.5,0.0
0.0,3201,-2.5,0.0
0.0,3202,-2.5,0.0
0.0,3203,-2.5,0.0
0.0,3204,-2.5,0.0
0.0,3205,-2.5,0.0
0.0,3206,-2.5,0.0
0.0,3207,-2.5,0.0
0.0,3208,-2.5,0.0
0.0,3209,-2.5,0.0
0.0,3210,-2.5,0.0
0.0,3211,-2.5,0.0
0.0,3212,-2.5,0.0
0.0,3213,-2.5,0.0
0.0,3214,-2.5,0.0
0.0,3215,-2.5,0.0
0.0,3216,-2.5,0.0
0.0,3217,-2.5,0.0
0.0,3218,-2.5,0.0
0.0,3219,-2.5,0.0
0.0,3220,-2.5,0.0
0.0,3221,-2.5,0.0
0.0,3222,-2.5,0.0
0.0,3223,-2.5,0.0
0.0,3224,-2.5,0.0
0.0,3225,-2.5,0.0
0.0,3226,-2.5,0.0
0.0,3227,-2.5,0.0
0.0,3228,-2.5,0.0
0.0,3229,-2.5,0.0
0.0,3230,-2.5,0.0
0.0,3231,-2.5,0.0
0.0,3232,-2.5,0.0
0.0,3233,-2.5,0.0
0.0,3234,-2.5,0.0
0.0,3235,-2.5,0.0
0.0,3236,-2.5,0.0
0.0,3237,-2.5,0.0
0.0,3238,-2.5,0.0
0.0,3239,-2.5,0.0
0.0,3240,-2.5,0.0
0.0,3241,-2.5,0.0
0.0,3242,-2.5,0.0
0.0,3243,-2.5,0.0
0.0,3244,-2.5,0.0
0.0,3245,-2.5,0.0
0.0,3246,-2.5,0.0
0.0,3247,-2.5,0.0
0.0,3248,-2.5,0.0
0.0,3249,-2.5,0.0
0.0,3250,-2.5,0.0
0.0,3251,-2.5,0.0
0.0,3252,-2.5,0.0
0.0,3253,-2.5,0.0
0.0,3254,-2.5,0.0
0.0,3255,-2.5,0.0
0.0,3256,-2.5,0.0
0.0,3257,-2.5,0.0
0.0,3258,-2.5,0.0
0.0,3259,-2.5,0.0
0.0,3260,-2.5,0.0
0.0,3261,-2.5,0.0
0.0,3262,-2.5,0.0
0.0,3263,-2.5,0.0
0.0,3264,-2.5,0.0
0.0,3265,-2.5,0.0
0.0,3266,-2.5,0.0
0.0,3267,-2.5,0.0
0.0,3268,-2.5,0.0
0.0,3269,-2.5,0.0
0.0,3270,-2.5,0.0
0.0,3271,-2.5,0.0
0.0,3272,-2.5,0.0
0.0,3273,-2.5,0.0
0.0,3274,-2.5,0.0
0.0,3275,-2.5,0.0
0.0,3276,-2.5,0.0
0.0,3277,-2.5,0.0
0.0,3278,-2.5,0.0
0.0,3279,-2.5,0.0
0.0,3280,-2.5,0.0
0.0,3281,-2.5,0.0
0.0,3282,-2.5,0.0
0.0,3283,-2.5,0.0
0.0,3284,-2.5,0.0
0.0,3285,-2.5,0.0
0.0,3286,-2.5,0.0
0.0,3287,-2.5,0.0
0.0,3288,-2.5,0.0
0.0,3289,-2.5,0.0
0.0,3290,-2.5,0.0
0.0,3291,-2.5,0.0
0.0,3292,-2.5,0.0
0.0,3293,-2.5,0.0
0.0,3294,-2.5,0.0
0.0,3295,-2.5,0.0
0.0,3296,-2.5,0.0
0.0,3297,-2.5,0.0
0.0,3298,-2.5,0.0
0.0,3299,-2.5,0.0
0.0,3300,-2.5,0.0
0.0,3301,-2.5,0.0
0.0,3302,-2.5,0.0
0.0,3303,-2.5,0.0
0.0,3304,-2.5,0.0
0.0,3305,-2.5,0.0
0.0,3306,-2.5,0.0
0.0,3307,-2.5,0.0
0.0,3308,-2.5,0.0
0.0,3309,-2.5,0.0
0.0,3310,-2.5,0.0
0.0,3311,-2.5,0.0
0.0,3312,-2.5,0.0
0.0,3313,-2.5,0.0
0.0,3314,-2.5,0.0
0.0,3315,-2.5,0.0
0.0,3316,-2.5,0.0
0.0,3317,-2.5,0.0
0.0,3318,-2.5,0.0
0.0,3319,-2.5,0.0
0.0,3320,-2.5,0.0
0.0,3321,-2.5,0.0
0.0,3322,-2.5,0.0
0.0,3323,-2.5,0.0
0.0,3324,-2.5,0.0
0.0,3325,-2.5,0.0
0.0,3326,-2.5,0.0
0.0,3327,-2.5,0.0
0.0,3328,-2.5,0.0
0.0,3329,-2.5,0.0
0.0,3330,-2.5,0.0
0.0,3331,-2.5,0.0
0.0,3332,-2.5,0.0
0.0,3333,-2.5,0.0
0.0,3334,-2.5,0.0
0.0,3335,-2.5,0.0
0.0,3336,-2.5,0.0
0.0,3337,-2.5,0.0
0.0,3338,-2.5,0.0
0.0,3339,-2.5,0.0
0.0,3340,-2.5,0.0
0.0,3341,-2.5,0.0
0.0,3342,-2.5,0.0
0.0,3343,-2.5,0.0
0.0,3344,-2.5,0.0
0.0,3345,-2.5,0.0
0.0,3346,-2.5,0.0
0.0,3347,-2.5,0.0
0.0,3348,-2.5,0.0
0.0,3349,-2.5,0.0
0.0,3350,-2.5,0.0
0.0,3351,-2.5,0.0
0.0,3352,-2.5,0.0
0.0,3353,-2.5,0.0
0.0,3354,-2.5,0.0
0.0,3355,-2.5,0.0
0.0,3356,-2.5,0.0
0.0,3357,-2.5,0.0
0.0,3358,-2.5,0.0
0.0,3359,-2.5,0.0
0.0,3360,-2.5,0.0
0.0,3361,-2.5,0.0
0.0,3362,-2.5,0.0
0.0,3363,-2.5,0.0
0.0,3364,-2.5,0.0
0.0,3365,-2.5,0.0
0.0,3366,-2.5,0.0
0.0,3367,-2.5,0.0
0.0,3368,-2.5,0.0
0.0,3369,-2.5,0.0
0.0,3370,-2.5,0.0
0.0,3371,-2.5,0.0
0.0,3372,-2.5,0.0
0.0,3373,-2.5,0.0
0.0,3374,-2.5,0.0
0.0,3375,-2.5,0.0
0.0,3376,-2.5,0.0
0.0,3377,-2.5,0.0
0.0,3378,-2.5,0.0
0.0,3379,-2.5,0.0
0.0,3380,-2.5,0.0
0.0,3381,-2.5,0.0
0.0,3382,-2.5,0.0
0.0,3383,-2.5,0.0
0.0,3384,-2.5,0.0
0.0,3385,-2.5,0.0
0.0,3386,-2.5,0.0
0.0,3387,-2.5,0.0
0.0,3388,-2.5,0.0
0.0,3389,-2.5,0.0
0.0,3390,-2.5,0.0
0.0,3391,-2.5,0.0
0.0,3392,-2.5,0.0
0.0,3393,-2.5,0.0
0.0,3394,-2.5,0.0
0.0,3395,-2.5,0.0
0.0,3396,-2.5,0.0
0.0,3397,-2.5,0.0
0.0,3398,-2.5,0.0
0.0,3399,-2.5,0.0
0.0,3400,-2.5,0.0
0.0,3401,-2.5,0.0
0.0,3402,-2.5,0.0
0.0,3403,-2.5,0.0
0.0,3404,-2.5,0.0
0.0,3405,-2.5,0.0
0.0,3406,-2.5,0.0
0.0,3407,-2.5,0.0
0.0,3408,-2.5,0.0
0.0,3409,-2.5,0.0
0.0,3410,-2.5,0.0
0.0,3411,-2.5,0.0
0.0,3412,-2.5,0.0
0.0,3413,-2.5,0.0
0.0,3414,-2.5,0.0
0.0,3415,-2.5,0.0
0.0,3416,-2.5,0.0
0.0,3417,-2.5,0.0
0.0,3418,-2.5,0.0
0.0,3419,-2.5,0.0
0.0,3420,-2.5,0.0
0.0,3421,-2.5,0.0
0.0,3422,-2.5,0.0
0.0,3423,-2.5,0.0
0.0,3424,-2.5,0.0
0.0,3425,-2.5,0.0
0.0,3426,-2.5,0.0
0.0,3427,-2.5,0.0
0.0,3428,-2.5,0.0
0.0,3429,-2.5,0.0
0.0,3430,-2.5,0.0
0.0,3431,-2.5,0.0
0.0,3432,-2.5,0.0
0.0,3433,-2.5,0.0
0.0,3434,-2.5,0.0
0.0,3435,-2.5,0.0
0.0,3436,-2.5,0.0
0.0,3437,-2.5,0.0
0.0,3438,-2.5,0.0
0.0,3439,-2.5,0.0
0.0,3440,-2.5,0.0
0.0,3441,-2.5,0.0
0.0,3442,-2.5,0.0
0.0,3443,-2.5,0.0
0.0,3444,-2.5,0.0
0.0,3445,-2.5,0.0
0.0,3446,-2.5,0.0
0.0,3447,-2.5,0.0
0.0,3448,-2.5,0.0
0.0,3449,-2.5,0.0
0.0,3450,-2.5,0.0
0.0,3451,-2.5,0.0
0.0,3452,,
